SET session_replication_role = replica;

--
-- PostgreSQL database dump
--

-- Dumped from database version 15.1 (Ubuntu 15.1-1.pgdg20.04+1)
-- Dumped by pg_dump version 15.6 (Ubuntu 15.6-1.pgdg20.04+1)

SET statement_timeout = 0;
SET lock_timeout = 0;
SET idle_in_transaction_session_timeout = 0;
SET client_encoding = 'UTF8';
SET standard_conforming_strings = on;
SELECT pg_catalog.set_config('search_path', '', false);
SET check_function_bodies = false;
SET xmloption = content;
SET client_min_messages = warning;
SET row_security = off;

--
-- Data for Name: audit_log_entries; Type: TABLE DATA; Schema: auth; Owner: supabase_auth_admin
--

INSERT INTO "auth"."audit_log_entries" ("instance_id", "id", "payload", "created_at", "ip_address") VALUES
                                                                                                        ('00000000-0000-0000-0000-000000000000', 'ef3bafb8-d469-439c-84b1-8dbbeb5b2ff3', '{"action":"user_signedup","actor_id":"00000000-0000-0000-0000-000000000000","actor_username":"service_role","actor_via_sso":false,"log_type":"team","traits":{"user_email":"trainer@gmail.com","user_id":"4908ef52-dc6a-4a86-9aa9-2324c8ff764b","user_phone":""}}', '2024-05-01 08:38:04.134878+00', ''),
                                                                                                        ('00000000-0000-0000-0000-000000000000', '44336cc1-169f-44b9-9bf9-810b09cd8306', '{"action":"user_signedup","actor_id":"00000000-0000-0000-0000-000000000000","actor_username":"service_role","actor_via_sso":false,"log_type":"team","traits":{"user_email":"player@gmail.com","user_id":"9301cbaa-1cd1-4f24-bb41-51ce41650664","user_phone":""}}', '2024-05-01 08:38:29.88962+00', ''),
                                                                                                        ('00000000-0000-0000-0000-000000000000', 'c05211c7-baa3-4e00-b0f2-803b985833e4', '{"action":"login","actor_id":"4908ef52-dc6a-4a86-9aa9-2324c8ff764b","actor_username":"trainer@gmail.com","actor_via_sso":false,"log_type":"account","traits":{"provider":"email"}}', '2024-05-01 09:37:21.01778+00', ''),
                                                                                                        ('00000000-0000-0000-0000-000000000000', 'a14fa184-0db1-4a28-9ae7-84521b0d71a0', '{"action":"login","actor_id":"4908ef52-dc6a-4a86-9aa9-2324c8ff764b","actor_username":"trainer@gmail.com","actor_via_sso":false,"log_type":"account","traits":{"provider":"email"}}', '2024-05-01 09:56:06.57195+00', ''),
                                                                                                        ('00000000-0000-0000-0000-000000000000', '54b1b3eb-a2df-4abe-8e40-442a57efdbd3', '{"action":"token_refreshed","actor_id":"4908ef52-dc6a-4a86-9aa9-2324c8ff764b","actor_username":"trainer@gmail.com","actor_via_sso":false,"log_type":"token"}', '2024-05-01 10:35:44.441121+00', ''),
                                                                                                        ('00000000-0000-0000-0000-000000000000', 'b9b2ad48-d450-4e26-af8f-26163db1b32b', '{"action":"token_revoked","actor_id":"4908ef52-dc6a-4a86-9aa9-2324c8ff764b","actor_username":"trainer@gmail.com","actor_via_sso":false,"log_type":"token"}', '2024-05-01 10:35:44.442043+00', ''),
                                                                                                        ('00000000-0000-0000-0000-000000000000', 'c4a30b40-4040-483d-9173-ed73dd7b71c6', '{"action":"token_refreshed","actor_id":"4908ef52-dc6a-4a86-9aa9-2324c8ff764b","actor_username":"trainer@gmail.com","actor_via_sso":false,"log_type":"token"}', '2024-05-01 10:54:15.460765+00', ''),
                                                                                                        ('00000000-0000-0000-0000-000000000000', '93c2b638-a11b-4f96-a93d-12c6ab32be5e', '{"action":"token_revoked","actor_id":"4908ef52-dc6a-4a86-9aa9-2324c8ff764b","actor_username":"trainer@gmail.com","actor_via_sso":false,"log_type":"token"}', '2024-05-01 10:54:15.461577+00', ''),
                                                                                                        ('00000000-0000-0000-0000-000000000000', 'c9c49a8b-cd49-470f-a758-d5eca21784b4', '{"action":"token_refreshed","actor_id":"4908ef52-dc6a-4a86-9aa9-2324c8ff764b","actor_username":"trainer@gmail.com","actor_via_sso":false,"log_type":"token"}', '2024-05-01 11:34:03.419701+00', ''),
                                                                                                        ('00000000-0000-0000-0000-000000000000', '3eb90cd3-a61b-4566-8846-f9787e161b0f', '{"action":"token_revoked","actor_id":"4908ef52-dc6a-4a86-9aa9-2324c8ff764b","actor_username":"trainer@gmail.com","actor_via_sso":false,"log_type":"token"}', '2024-05-01 11:34:03.420785+00', ''),
                                                                                                        ('00000000-0000-0000-0000-000000000000', 'aefe38cd-4646-4824-aec1-602943e2650b', '{"action":"token_refreshed","actor_id":"4908ef52-dc6a-4a86-9aa9-2324c8ff764b","actor_username":"trainer@gmail.com","actor_via_sso":false,"log_type":"token"}', '2024-05-01 11:52:43.187574+00', ''),
                                                                                                        ('00000000-0000-0000-0000-000000000000', '4465c3bd-2b67-4698-898b-e5f63ccd9444', '{"action":"token_revoked","actor_id":"4908ef52-dc6a-4a86-9aa9-2324c8ff764b","actor_username":"trainer@gmail.com","actor_via_sso":false,"log_type":"token"}', '2024-05-01 11:52:43.188365+00', ''),
                                                                                                        ('00000000-0000-0000-0000-000000000000', 'c1c5f63d-cb20-4672-b6b6-85a2bf366230', '{"action":"token_refreshed","actor_id":"4908ef52-dc6a-4a86-9aa9-2324c8ff764b","actor_username":"trainer@gmail.com","actor_via_sso":false,"log_type":"token"}', '2024-05-01 12:32:03.668821+00', ''),
                                                                                                        ('00000000-0000-0000-0000-000000000000', 'abea62f5-4078-4e10-ac83-e59b3ee4bf14', '{"action":"token_revoked","actor_id":"4908ef52-dc6a-4a86-9aa9-2324c8ff764b","actor_username":"trainer@gmail.com","actor_via_sso":false,"log_type":"token"}', '2024-05-01 12:32:03.669553+00', ''),
                                                                                                        ('00000000-0000-0000-0000-000000000000', '7f6062d1-e0b7-402f-a6b8-ca4cb26c33b6', '{"action":"token_refreshed","actor_id":"4908ef52-dc6a-4a86-9aa9-2324c8ff764b","actor_username":"trainer@gmail.com","actor_via_sso":false,"log_type":"token"}', '2024-05-01 13:08:18.747582+00', ''),
                                                                                                        ('00000000-0000-0000-0000-000000000000', '955c36c9-838e-4410-a407-5ea96e697ba0', '{"action":"token_revoked","actor_id":"4908ef52-dc6a-4a86-9aa9-2324c8ff764b","actor_username":"trainer@gmail.com","actor_via_sso":false,"log_type":"token"}', '2024-05-01 13:08:18.748406+00', ''),
                                                                                                        ('00000000-0000-0000-0000-000000000000', '2a783033-cce9-468e-8d12-49d9ae444fef', '{"action":"token_refreshed","actor_id":"4908ef52-dc6a-4a86-9aa9-2324c8ff764b","actor_username":"trainer@gmail.com","actor_via_sso":false,"log_type":"token"}', '2024-05-01 13:30:13.755027+00', ''),
                                                                                                        ('00000000-0000-0000-0000-000000000000', 'f4817251-9b0b-42a2-a73a-3f61f7d31185', '{"action":"token_revoked","actor_id":"4908ef52-dc6a-4a86-9aa9-2324c8ff764b","actor_username":"trainer@gmail.com","actor_via_sso":false,"log_type":"token"}', '2024-05-01 13:30:13.755999+00', ''),
                                                                                                        ('00000000-0000-0000-0000-000000000000', '93652403-b684-4f08-94a2-a8c71717a42d', '{"action":"token_refreshed","actor_id":"4908ef52-dc6a-4a86-9aa9-2324c8ff764b","actor_username":"trainer@gmail.com","actor_via_sso":false,"log_type":"token"}', '2024-05-01 14:06:42.750998+00', ''),
                                                                                                        ('00000000-0000-0000-0000-000000000000', 'ec706f86-2e0b-4bfd-aa13-46785d89183d', '{"action":"token_revoked","actor_id":"4908ef52-dc6a-4a86-9aa9-2324c8ff764b","actor_username":"trainer@gmail.com","actor_via_sso":false,"log_type":"token"}', '2024-05-01 14:06:42.751565+00', ''),
                                                                                                        ('00000000-0000-0000-0000-000000000000', 'eb7be8e6-c504-4537-b8a1-050ff4fc4217', '{"action":"login","actor_id":"9301cbaa-1cd1-4f24-bb41-51ce41650664","actor_username":"player@gmail.com","actor_via_sso":false,"log_type":"account","traits":{"provider":"email"}}', '2024-05-01 14:12:25.398304+00', ''),
                                                                                                        ('00000000-0000-0000-0000-000000000000', 'c3a61a5e-e188-4ee5-af80-22b95feb3176', '{"action":"logout","actor_id":"4908ef52-dc6a-4a86-9aa9-2324c8ff764b","actor_username":"trainer@gmail.com","actor_via_sso":false,"log_type":"account"}', '2024-05-01 14:15:21.692506+00', ''),
                                                                                                        ('00000000-0000-0000-0000-000000000000', '47e77f81-9259-400c-887f-2ff61aa66114', '{"action":"login","actor_id":"9301cbaa-1cd1-4f24-bb41-51ce41650664","actor_username":"player@gmail.com","actor_via_sso":false,"log_type":"account","traits":{"provider":"email"}}', '2024-05-01 14:15:40.653116+00', ''),
                                                                                                        ('00000000-0000-0000-0000-000000000000', '930ed126-f48c-4cf4-8450-c39e7934f83d', '{"action":"logout","actor_id":"9301cbaa-1cd1-4f24-bb41-51ce41650664","actor_username":"player@gmail.com","actor_via_sso":false,"log_type":"account"}', '2024-05-01 14:16:13.155174+00', ''),
                                                                                                        ('00000000-0000-0000-0000-000000000000', 'e499a068-13ee-44bd-aca2-672b3d6f1c59', '{"action":"user_signedup","actor_id":"265f3d05-f61e-4cef-ad5c-52a2bcc703ef","actor_username":"no-teams@gmail.com","actor_via_sso":false,"log_type":"team","traits":{"provider":"email"}}', '2024-05-01 14:16:27.800057+00', ''),
                                                                                                        ('00000000-0000-0000-0000-000000000000', 'c83a6c5a-b227-4f62-953b-44e62c817479', '{"action":"login","actor_id":"265f3d05-f61e-4cef-ad5c-52a2bcc703ef","actor_username":"no-teams@gmail.com","actor_via_sso":false,"log_type":"account","traits":{"provider":"email"}}', '2024-05-01 14:16:27.803193+00', ''),
                                                                                                        ('00000000-0000-0000-0000-000000000000', '431edcb3-fef4-4864-8ae9-09f8c92678bd', '{"action":"logout","actor_id":"265f3d05-f61e-4cef-ad5c-52a2bcc703ef","actor_username":"no-teams@gmail.com","actor_via_sso":false,"log_type":"account"}', '2024-05-01 14:17:20.708655+00', ''),
                                                                                                        ('00000000-0000-0000-0000-000000000000', '9f1d9872-4fa9-4761-bfea-8b8f1ef12c84', '{"action":"login","actor_id":"4908ef52-dc6a-4a86-9aa9-2324c8ff764b","actor_username":"trainer@gmail.com","actor_via_sso":false,"log_type":"account","traits":{"provider":"email"}}', '2024-05-01 14:17:40.966109+00', ''),
                                                                                                        ('00000000-0000-0000-0000-000000000000', '30422c25-08d4-4d35-90d4-7e0260602eff', '{"action":"logout","actor_id":"4908ef52-dc6a-4a86-9aa9-2324c8ff764b","actor_username":"trainer@gmail.com","actor_via_sso":false,"log_type":"account"}', '2024-05-01 15:06:43.471075+00', ''),
                                                                                                        ('00000000-0000-0000-0000-000000000000', '4fc53470-0722-4bec-844d-cb2797187543', '{"action":"login","actor_id":"265f3d05-f61e-4cef-ad5c-52a2bcc703ef","actor_username":"no-teams@gmail.com","actor_via_sso":false,"log_type":"account","traits":{"provider":"email"}}', '2024-05-01 15:06:58.989742+00', ''),
                                                                                                        ('00000000-0000-0000-0000-000000000000', '9792c285-f3fe-43c7-89cb-dd637eb302b2', '{"action":"logout","actor_id":"265f3d05-f61e-4cef-ad5c-52a2bcc703ef","actor_username":"no-teams@gmail.com","actor_via_sso":false,"log_type":"account"}', '2024-05-01 15:21:17.431526+00', ''),
                                                                                                        ('00000000-0000-0000-0000-000000000000', '0a54be04-6e70-4a82-ad44-249d37718f4c', '{"action":"login","actor_id":"4908ef52-dc6a-4a86-9aa9-2324c8ff764b","actor_username":"trainer@gmail.com","actor_via_sso":false,"log_type":"account","traits":{"provider":"email"}}', '2024-05-01 15:21:41.407278+00', ''),
                                                                                                        ('00000000-0000-0000-0000-000000000000', '2f78e404-dad5-4239-bff9-23ed04a07969', '{"action":"logout","actor_id":"4908ef52-dc6a-4a86-9aa9-2324c8ff764b","actor_username":"trainer@gmail.com","actor_via_sso":false,"log_type":"account"}', '2024-05-01 15:30:09.803306+00', ''),
                                                                                                        ('00000000-0000-0000-0000-000000000000', '38290945-bbd7-48cc-9185-2c8b93904dcc', '{"action":"login","actor_id":"265f3d05-f61e-4cef-ad5c-52a2bcc703ef","actor_username":"no-teams@gmail.com","actor_via_sso":false,"log_type":"account","traits":{"provider":"email"}}', '2024-05-01 15:30:47.709939+00', ''),
                                                                                                        ('00000000-0000-0000-0000-000000000000', '97cb855b-e386-4393-a70e-b9666833f11b', '{"action":"logout","actor_id":"265f3d05-f61e-4cef-ad5c-52a2bcc703ef","actor_username":"no-teams@gmail.com","actor_via_sso":false,"log_type":"account"}', '2024-05-01 15:31:05.496788+00', ''),
                                                                                                        ('00000000-0000-0000-0000-000000000000', 'e3eddf30-4f39-4c73-a670-9186771e6791', '{"action":"login","actor_id":"4908ef52-dc6a-4a86-9aa9-2324c8ff764b","actor_username":"trainer@gmail.com","actor_via_sso":false,"log_type":"account","traits":{"provider":"email"}}', '2024-05-01 18:57:35.819366+00', ''),
                                                                                                        ('00000000-0000-0000-0000-000000000000', '50bf3fe9-f09d-40dd-8ae0-6443fe069fc3', '{"action":"token_refreshed","actor_id":"4908ef52-dc6a-4a86-9aa9-2324c8ff764b","actor_username":"trainer@gmail.com","actor_via_sso":false,"log_type":"token"}', '2024-05-01 19:59:59.135457+00', ''),
                                                                                                        ('00000000-0000-0000-0000-000000000000', '771ee533-b358-4d22-a2ea-a2b33088f0f7', '{"action":"token_revoked","actor_id":"4908ef52-dc6a-4a86-9aa9-2324c8ff764b","actor_username":"trainer@gmail.com","actor_via_sso":false,"log_type":"token"}', '2024-05-01 19:59:59.136218+00', ''),
                                                                                                        ('00000000-0000-0000-0000-000000000000', '969c0d60-ae88-41c0-bb1b-626d3637494b', '{"action":"login","actor_id":"9301cbaa-1cd1-4f24-bb41-51ce41650664","actor_username":"player@gmail.com","actor_via_sso":false,"log_type":"account","traits":{"provider":"email"}}', '2024-05-01 20:34:23.616878+00', ''),
                                                                                                        ('00000000-0000-0000-0000-000000000000', 'c9765b8d-b3f9-4fe5-9834-e84af5ba2f0b', '{"action":"login","actor_id":"4908ef52-dc6a-4a86-9aa9-2324c8ff764b","actor_username":"trainer@gmail.com","actor_via_sso":false,"log_type":"account","traits":{"provider":"email"}}', '2024-05-02 19:34:31.452531+00', ''),
                                                                                                        ('00000000-0000-0000-0000-000000000000', 'b4fcbcc9-e747-410d-90b8-3690e2897f67', '{"action":"token_refreshed","actor_id":"4908ef52-dc6a-4a86-9aa9-2324c8ff764b","actor_username":"trainer@gmail.com","actor_via_sso":false,"log_type":"token"}', '2024-05-02 20:09:54.576316+00', ''),
                                                                                                        ('00000000-0000-0000-0000-000000000000', '2ba2b258-6265-4790-9376-157a2951248f', '{"action":"token_revoked","actor_id":"4908ef52-dc6a-4a86-9aa9-2324c8ff764b","actor_username":"trainer@gmail.com","actor_via_sso":false,"log_type":"token"}', '2024-05-02 20:09:54.576972+00', ''),
                                                                                                        ('00000000-0000-0000-0000-000000000000', '88f697dc-4b99-4afb-bb23-c93be370d1ca', '{"action":"token_refreshed","actor_id":"9301cbaa-1cd1-4f24-bb41-51ce41650664","actor_username":"player@gmail.com","actor_via_sso":false,"log_type":"token"}', '2024-05-02 20:28:12.521637+00', ''),
                                                                                                        ('00000000-0000-0000-0000-000000000000', '9803390c-7a27-4de9-9b13-dabc549da993', '{"action":"token_revoked","actor_id":"9301cbaa-1cd1-4f24-bb41-51ce41650664","actor_username":"player@gmail.com","actor_via_sso":false,"log_type":"token"}', '2024-05-02 20:28:12.522428+00', ''),
                                                                                                        ('00000000-0000-0000-0000-000000000000', '4893ce3e-43a0-4e8f-9e69-0cc48997d3c6', '{"action":"token_refreshed","actor_id":"4908ef52-dc6a-4a86-9aa9-2324c8ff764b","actor_username":"trainer@gmail.com","actor_via_sso":false,"log_type":"token"}', '2024-05-02 20:32:39.068832+00', ''),
                                                                                                        ('00000000-0000-0000-0000-000000000000', '773e6e83-54f8-4ebf-8242-d5afe723ee49', '{"action":"token_revoked","actor_id":"4908ef52-dc6a-4a86-9aa9-2324c8ff764b","actor_username":"trainer@gmail.com","actor_via_sso":false,"log_type":"token"}', '2024-05-02 20:32:39.069571+00', ''),
                                                                                                        ('00000000-0000-0000-0000-000000000000', '07f68c82-18ff-477d-8674-f9b26e951b52', '{"action":"token_refreshed","actor_id":"4908ef52-dc6a-4a86-9aa9-2324c8ff764b","actor_username":"trainer@gmail.com","actor_via_sso":false,"log_type":"token"}', '2024-05-02 22:45:31.636256+00', ''),
                                                                                                        ('00000000-0000-0000-0000-000000000000', 'a67170c2-db9b-4a4f-b1ce-8c492d868ee8', '{"action":"token_revoked","actor_id":"4908ef52-dc6a-4a86-9aa9-2324c8ff764b","actor_username":"trainer@gmail.com","actor_via_sso":false,"log_type":"token"}', '2024-05-02 22:45:31.637217+00', ''),
                                                                                                        ('00000000-0000-0000-0000-000000000000', '12ed55f4-2045-4d05-b79d-d02dc1a1e7d6', '{"action":"token_refreshed","actor_id":"4908ef52-dc6a-4a86-9aa9-2324c8ff764b","actor_username":"trainer@gmail.com","actor_via_sso":false,"log_type":"token"}', '2024-05-03 00:47:44.92514+00', ''),
                                                                                                        ('00000000-0000-0000-0000-000000000000', 'b71a9c62-fe07-422a-985e-b48ab6d8faf9', '{"action":"token_revoked","actor_id":"4908ef52-dc6a-4a86-9aa9-2324c8ff764b","actor_username":"trainer@gmail.com","actor_via_sso":false,"log_type":"token"}', '2024-05-03 00:47:44.929707+00', ''),
                                                                                                        ('00000000-0000-0000-0000-000000000000', 'd3009dcb-84bd-47b9-943e-fc4ed197b673', '{"action":"token_refreshed","actor_id":"4908ef52-dc6a-4a86-9aa9-2324c8ff764b","actor_username":"trainer@gmail.com","actor_via_sso":false,"log_type":"token"}', '2024-05-03 02:15:18.801746+00', ''),
                                                                                                        ('00000000-0000-0000-0000-000000000000', '782d3696-a968-42a2-82c7-d5c6a3b6bd48', '{"action":"token_revoked","actor_id":"4908ef52-dc6a-4a86-9aa9-2324c8ff764b","actor_username":"trainer@gmail.com","actor_via_sso":false,"log_type":"token"}', '2024-05-03 02:15:18.806461+00', ''),
                                                                                                        ('00000000-0000-0000-0000-000000000000', '7bf5e41b-521e-4aa8-8540-4acc50505748', '{"action":"token_refreshed","actor_id":"4908ef52-dc6a-4a86-9aa9-2324c8ff764b","actor_username":"trainer@gmail.com","actor_via_sso":false,"log_type":"token"}', '2024-05-03 04:43:25.720494+00', ''),
                                                                                                        ('00000000-0000-0000-0000-000000000000', 'f0bee14d-1d20-438b-893e-2b00d9a0a3b9', '{"action":"token_revoked","actor_id":"4908ef52-dc6a-4a86-9aa9-2324c8ff764b","actor_username":"trainer@gmail.com","actor_via_sso":false,"log_type":"token"}', '2024-05-03 04:43:25.733053+00', ''),
                                                                                                        ('00000000-0000-0000-0000-000000000000', '904870e5-1bca-4728-8b2a-1a58d72fe9d5', '{"action":"token_refreshed","actor_id":"4908ef52-dc6a-4a86-9aa9-2324c8ff764b","actor_username":"trainer@gmail.com","actor_via_sso":false,"log_type":"token"}', '2024-05-03 05:41:25.999577+00', ''),
                                                                                                        ('00000000-0000-0000-0000-000000000000', '91316f5b-9dad-4c37-a974-4aeb2de24d40', '{"action":"token_revoked","actor_id":"4908ef52-dc6a-4a86-9aa9-2324c8ff764b","actor_username":"trainer@gmail.com","actor_via_sso":false,"log_type":"token"}', '2024-05-03 05:41:26.000325+00', ''),
                                                                                                        ('00000000-0000-0000-0000-000000000000', '9d9ae31a-7be9-414b-ba32-5b92826856fb', '{"action":"token_refreshed","actor_id":"4908ef52-dc6a-4a86-9aa9-2324c8ff764b","actor_username":"trainer@gmail.com","actor_via_sso":false,"log_type":"token"}', '2024-05-03 06:50:00.322976+00', ''),
                                                                                                        ('00000000-0000-0000-0000-000000000000', 'ab64c8f6-7cb9-4853-8f2f-0813640bb5bc', '{"action":"token_revoked","actor_id":"4908ef52-dc6a-4a86-9aa9-2324c8ff764b","actor_username":"trainer@gmail.com","actor_via_sso":false,"log_type":"token"}', '2024-05-03 06:50:00.326837+00', ''),
                                                                                                        ('00000000-0000-0000-0000-000000000000', '9dbd2034-9e4b-425f-aeb4-28f4b8db428a', '{"action":"token_refreshed","actor_id":"4908ef52-dc6a-4a86-9aa9-2324c8ff764b","actor_username":"trainer@gmail.com","actor_via_sso":false,"log_type":"token"}', '2024-05-03 07:48:13.993795+00', ''),
                                                                                                        ('00000000-0000-0000-0000-000000000000', '657b4b45-6f62-49a2-ad97-2612ce4de53f', '{"action":"token_revoked","actor_id":"4908ef52-dc6a-4a86-9aa9-2324c8ff764b","actor_username":"trainer@gmail.com","actor_via_sso":false,"log_type":"token"}', '2024-05-03 07:48:13.994715+00', ''),
                                                                                                        ('00000000-0000-0000-0000-000000000000', '7bcef21a-1b13-4c58-80f3-85cef5bd45e3', '{"action":"token_refreshed","actor_id":"4908ef52-dc6a-4a86-9aa9-2324c8ff764b","actor_username":"trainer@gmail.com","actor_via_sso":false,"log_type":"token"}', '2024-05-03 08:46:14.285275+00', ''),
                                                                                                        ('00000000-0000-0000-0000-000000000000', 'e56ea60b-fc6e-431b-9512-d87abed6d372', '{"action":"token_revoked","actor_id":"4908ef52-dc6a-4a86-9aa9-2324c8ff764b","actor_username":"trainer@gmail.com","actor_via_sso":false,"log_type":"token"}', '2024-05-03 08:46:14.286298+00', ''),
                                                                                                        ('00000000-0000-0000-0000-000000000000', 'd4857226-8b99-4805-a8a6-aec70afc09c7', '{"action":"token_refreshed","actor_id":"4908ef52-dc6a-4a86-9aa9-2324c8ff764b","actor_username":"trainer@gmail.com","actor_via_sso":false,"log_type":"token"}', '2024-05-03 09:44:28.101388+00', ''),
                                                                                                        ('00000000-0000-0000-0000-000000000000', '6f446521-933c-4953-bf37-5b932fd3664d', '{"action":"token_revoked","actor_id":"4908ef52-dc6a-4a86-9aa9-2324c8ff764b","actor_username":"trainer@gmail.com","actor_via_sso":false,"log_type":"token"}', '2024-05-03 09:44:28.104503+00', ''),
                                                                                                        ('00000000-0000-0000-0000-000000000000', 'e41bdc01-53eb-446e-9a64-35d32135c13d', '{"action":"token_refreshed","actor_id":"9301cbaa-1cd1-4f24-bb41-51ce41650664","actor_username":"player@gmail.com","actor_via_sso":false,"log_type":"token"}', '2024-05-03 09:50:10.697454+00', ''),
                                                                                                        ('00000000-0000-0000-0000-000000000000', '499410ea-4060-4233-9ad3-f53e0d32a23e', '{"action":"token_revoked","actor_id":"9301cbaa-1cd1-4f24-bb41-51ce41650664","actor_username":"player@gmail.com","actor_via_sso":false,"log_type":"token"}', '2024-05-03 09:50:10.698324+00', ''),
                                                                                                        ('00000000-0000-0000-0000-000000000000', '8087a45c-2913-4026-b8ac-32e91bba97a8', '{"action":"token_refreshed","actor_id":"4908ef52-dc6a-4a86-9aa9-2324c8ff764b","actor_username":"trainer@gmail.com","actor_via_sso":false,"log_type":"token"}', '2024-05-03 10:42:31.560885+00', ''),
                                                                                                        ('00000000-0000-0000-0000-000000000000', '94c570db-c590-4dde-ab8f-3def35ebb2a2', '{"action":"token_revoked","actor_id":"4908ef52-dc6a-4a86-9aa9-2324c8ff764b","actor_username":"trainer@gmail.com","actor_via_sso":false,"log_type":"token"}', '2024-05-03 10:42:31.56358+00', ''),
                                                                                                        ('00000000-0000-0000-0000-000000000000', '3bf3a1ab-18c2-42f8-a2bb-2c0c423501a9', '{"action":"token_refreshed","actor_id":"9301cbaa-1cd1-4f24-bb41-51ce41650664","actor_username":"player@gmail.com","actor_via_sso":false,"log_type":"token"}', '2024-05-03 10:48:22.628179+00', ''),
                                                                                                        ('00000000-0000-0000-0000-000000000000', 'a7f5b3b6-8bef-45f3-8bcd-5e251c926177', '{"action":"token_revoked","actor_id":"9301cbaa-1cd1-4f24-bb41-51ce41650664","actor_username":"player@gmail.com","actor_via_sso":false,"log_type":"token"}', '2024-05-03 10:48:22.628862+00', ''),
                                                                                                        ('00000000-0000-0000-0000-000000000000', '8869b7a8-c738-45b1-9f66-14a30b28df66', '{"action":"token_refreshed","actor_id":"4908ef52-dc6a-4a86-9aa9-2324c8ff764b","actor_username":"trainer@gmail.com","actor_via_sso":false,"log_type":"token"}', '2024-05-03 11:40:54.848759+00', ''),
                                                                                                        ('00000000-0000-0000-0000-000000000000', '709e9f03-ed25-4074-a8ba-e9fb15651198', '{"action":"token_revoked","actor_id":"4908ef52-dc6a-4a86-9aa9-2324c8ff764b","actor_username":"trainer@gmail.com","actor_via_sso":false,"log_type":"token"}', '2024-05-03 11:40:54.849543+00', ''),
                                                                                                        ('00000000-0000-0000-0000-000000000000', 'fbb751b0-1889-4760-beb2-ea3f49d4bb52', '{"action":"token_refreshed","actor_id":"9301cbaa-1cd1-4f24-bb41-51ce41650664","actor_username":"player@gmail.com","actor_via_sso":false,"log_type":"token"}', '2024-05-03 11:46:23.012924+00', ''),
                                                                                                        ('00000000-0000-0000-0000-000000000000', '3d7e80a4-febb-4f84-819e-0728138830ee', '{"action":"token_revoked","actor_id":"9301cbaa-1cd1-4f24-bb41-51ce41650664","actor_username":"player@gmail.com","actor_via_sso":false,"log_type":"token"}', '2024-05-03 11:46:23.01357+00', ''),
                                                                                                        ('00000000-0000-0000-0000-000000000000', 'd5c94a6a-a883-4724-8031-d738dfc259c3', '{"action":"token_refreshed","actor_id":"4908ef52-dc6a-4a86-9aa9-2324c8ff764b","actor_username":"trainer@gmail.com","actor_via_sso":false,"log_type":"token"}', '2024-05-03 12:38:55.624195+00', ''),
                                                                                                        ('00000000-0000-0000-0000-000000000000', 'e18169ab-2397-42bc-ad61-d836a2b73fc9', '{"action":"token_revoked","actor_id":"4908ef52-dc6a-4a86-9aa9-2324c8ff764b","actor_username":"trainer@gmail.com","actor_via_sso":false,"log_type":"token"}', '2024-05-03 12:38:55.625005+00', ''),
                                                                                                        ('00000000-0000-0000-0000-000000000000', '4f3d5d90-8a1a-420c-b86f-4f7391015eec', '{"action":"token_refreshed","actor_id":"9301cbaa-1cd1-4f24-bb41-51ce41650664","actor_username":"player@gmail.com","actor_via_sso":false,"log_type":"token"}', '2024-05-03 12:44:23.472281+00', ''),
                                                                                                        ('00000000-0000-0000-0000-000000000000', 'e1acc2a1-2a32-4904-bb18-d527281b52cf', '{"action":"token_revoked","actor_id":"9301cbaa-1cd1-4f24-bb41-51ce41650664","actor_username":"player@gmail.com","actor_via_sso":false,"log_type":"token"}', '2024-05-03 12:44:23.473237+00', ''),
                                                                                                        ('00000000-0000-0000-0000-000000000000', 'e3da4d3c-54da-444f-9c5b-acd7d8d054d9', '{"action":"token_refreshed","actor_id":"4908ef52-dc6a-4a86-9aa9-2324c8ff764b","actor_username":"trainer@gmail.com","actor_via_sso":false,"log_type":"token"}', '2024-05-03 13:37:01.502665+00', ''),
                                                                                                        ('00000000-0000-0000-0000-000000000000', '9787c578-24e3-425a-a660-89b05c34f79f', '{"action":"token_revoked","actor_id":"4908ef52-dc6a-4a86-9aa9-2324c8ff764b","actor_username":"trainer@gmail.com","actor_via_sso":false,"log_type":"token"}', '2024-05-03 13:37:01.503382+00', ''),
                                                                                                        ('00000000-0000-0000-0000-000000000000', '74869358-7bc2-40a8-80f0-89faa639ebde', '{"action":"token_refreshed","actor_id":"4908ef52-dc6a-4a86-9aa9-2324c8ff764b","actor_username":"trainer@gmail.com","actor_via_sso":false,"log_type":"token"}', '2024-05-03 14:35:02.883269+00', ''),
                                                                                                        ('00000000-0000-0000-0000-000000000000', 'f3592e60-cbcf-44f4-bdaf-e3b82d41ec74', '{"action":"token_revoked","actor_id":"4908ef52-dc6a-4a86-9aa9-2324c8ff764b","actor_username":"trainer@gmail.com","actor_via_sso":false,"log_type":"token"}', '2024-05-03 14:35:02.884163+00', ''),
                                                                                                        ('00000000-0000-0000-0000-000000000000', '411e194e-82ae-4715-8e30-3b5d2e78dc12', '{"action":"token_refreshed","actor_id":"4908ef52-dc6a-4a86-9aa9-2324c8ff764b","actor_username":"trainer@gmail.com","actor_via_sso":false,"log_type":"token"}', '2024-05-03 15:38:43.304486+00', ''),
                                                                                                        ('00000000-0000-0000-0000-000000000000', '7fc515a5-5bb7-4781-9176-2a30d3c14b55', '{"action":"token_revoked","actor_id":"4908ef52-dc6a-4a86-9aa9-2324c8ff764b","actor_username":"trainer@gmail.com","actor_via_sso":false,"log_type":"token"}', '2024-05-03 15:38:43.305729+00', ''),
                                                                                                        ('00000000-0000-0000-0000-000000000000', '0e7aa7f6-f72f-44c8-9347-89c807adf37b', '{"action":"login","actor_id":"4908ef52-dc6a-4a86-9aa9-2324c8ff764b","actor_username":"trainer@gmail.com","actor_via_sso":false,"log_type":"account","traits":{"provider":"email"}}', '2024-06-04 09:50:36.644207+00', ''),
                                                                                                        ('00000000-0000-0000-0000-000000000000', '56655d28-be7f-44a7-be29-878eb6a137cc', '{"action":"login","actor_id":"9301cbaa-1cd1-4f24-bb41-51ce41650664","actor_username":"player@gmail.com","actor_via_sso":false,"log_type":"account","traits":{"provider":"email"}}', '2024-06-04 10:25:23.206622+00', ''),
                                                                                                        ('00000000-0000-0000-0000-000000000000', 'f52bce7a-0933-482e-b10b-d5b62e43fb5d', '{"action":"token_refreshed","actor_id":"4908ef52-dc6a-4a86-9aa9-2324c8ff764b","actor_username":"trainer@gmail.com","actor_via_sso":false,"log_type":"token"}', '2024-06-04 11:42:15.317798+00', ''),
                                                                                                        ('00000000-0000-0000-0000-000000000000', '3add097b-2f51-4bcb-9601-2e17b6a00134', '{"action":"token_revoked","actor_id":"4908ef52-dc6a-4a86-9aa9-2324c8ff764b","actor_username":"trainer@gmail.com","actor_via_sso":false,"log_type":"token"}', '2024-06-04 11:42:15.318535+00', ''),
                                                                                                        ('00000000-0000-0000-0000-000000000000', '72e21483-2bb4-46d7-b3cc-899823f74d3d', '{"action":"token_refreshed","actor_id":"4908ef52-dc6a-4a86-9aa9-2324c8ff764b","actor_username":"trainer@gmail.com","actor_via_sso":false,"log_type":"token"}', '2024-06-04 12:40:43.064034+00', ''),
                                                                                                        ('00000000-0000-0000-0000-000000000000', '5ce6118f-a71e-4d64-a26b-e9436d06ed93', '{"action":"token_revoked","actor_id":"4908ef52-dc6a-4a86-9aa9-2324c8ff764b","actor_username":"trainer@gmail.com","actor_via_sso":false,"log_type":"token"}', '2024-06-04 12:40:43.065973+00', ''),
                                                                                                        ('00000000-0000-0000-0000-000000000000', '2ff2ff46-2b13-4101-8e1d-122aeda00360', '{"action":"token_refreshed","actor_id":"9301cbaa-1cd1-4f24-bb41-51ce41650664","actor_username":"player@gmail.com","actor_via_sso":false,"log_type":"token"}', '2024-06-04 12:55:55.306715+00', ''),
                                                                                                        ('00000000-0000-0000-0000-000000000000', '8558129c-f9b4-4d79-bf4d-4b9d9ae70ab9', '{"action":"token_revoked","actor_id":"9301cbaa-1cd1-4f24-bb41-51ce41650664","actor_username":"player@gmail.com","actor_via_sso":false,"log_type":"token"}', '2024-06-04 12:55:55.308745+00', ''),
                                                                                                        ('00000000-0000-0000-0000-000000000000', '3b4bfe20-ecb9-4ed9-ae0b-044916d4046e', '{"action":"token_refreshed","actor_id":"4908ef52-dc6a-4a86-9aa9-2324c8ff764b","actor_username":"trainer@gmail.com","actor_via_sso":false,"log_type":"token"}', '2024-06-04 13:39:06.219482+00', ''),
                                                                                                        ('00000000-0000-0000-0000-000000000000', '51def4b6-ac03-49f4-8293-1a33f12f1a7b', '{"action":"token_revoked","actor_id":"4908ef52-dc6a-4a86-9aa9-2324c8ff764b","actor_username":"trainer@gmail.com","actor_via_sso":false,"log_type":"token"}', '2024-06-04 13:39:06.221371+00', ''),
                                                                                                        ('00000000-0000-0000-0000-000000000000', 'b2a68ecf-493d-494c-ac5c-5754c0d23f54', '{"action":"token_refreshed","actor_id":"9301cbaa-1cd1-4f24-bb41-51ce41650664","actor_username":"player@gmail.com","actor_via_sso":false,"log_type":"token"}', '2024-06-04 14:13:43.083328+00', ''),
                                                                                                        ('00000000-0000-0000-0000-000000000000', 'aeed2a50-4bd0-481f-bbbc-86ddc5c3c280', '{"action":"token_revoked","actor_id":"9301cbaa-1cd1-4f24-bb41-51ce41650664","actor_username":"player@gmail.com","actor_via_sso":false,"log_type":"token"}', '2024-06-04 14:13:43.084553+00', ''),
                                                                                                        ('00000000-0000-0000-0000-000000000000', 'f754e9e8-97e0-4865-9a5d-f998fec9479b', '{"action":"token_refreshed","actor_id":"4908ef52-dc6a-4a86-9aa9-2324c8ff764b","actor_username":"trainer@gmail.com","actor_via_sso":false,"log_type":"token"}', '2024-06-04 14:37:06.507571+00', ''),
                                                                                                        ('00000000-0000-0000-0000-000000000000', '0bc2bac1-b27d-48ed-91ce-5093498ec43a', '{"action":"token_revoked","actor_id":"4908ef52-dc6a-4a86-9aa9-2324c8ff764b","actor_username":"trainer@gmail.com","actor_via_sso":false,"log_type":"token"}', '2024-06-04 14:37:06.50857+00', ''),
                                                                                                        ('00000000-0000-0000-0000-000000000000', '2093b717-d5f5-4749-a8ad-564eedbc3edb', '{"action":"token_refreshed","actor_id":"9301cbaa-1cd1-4f24-bb41-51ce41650664","actor_username":"player@gmail.com","actor_via_sso":false,"log_type":"token"}', '2024-06-11 06:23:40.537335+00', ''),
                                                                                                        ('00000000-0000-0000-0000-000000000000', '427ea531-a633-4880-9e63-f89ebcd61cfb', '{"action":"token_revoked","actor_id":"9301cbaa-1cd1-4f24-bb41-51ce41650664","actor_username":"player@gmail.com","actor_via_sso":false,"log_type":"token"}', '2024-06-11 06:23:40.542549+00', ''),
                                                                                                        ('00000000-0000-0000-0000-000000000000', '9a994343-6eda-4eba-8209-5e89f60489c7', '{"action":"token_refreshed","actor_id":"4908ef52-dc6a-4a86-9aa9-2324c8ff764b","actor_username":"trainer@gmail.com","actor_via_sso":false,"log_type":"token"}', '2024-06-11 06:24:17.58163+00', ''),
                                                                                                        ('00000000-0000-0000-0000-000000000000', '05e432f1-493f-41f6-af87-0a47e113ded9', '{"action":"token_revoked","actor_id":"4908ef52-dc6a-4a86-9aa9-2324c8ff764b","actor_username":"trainer@gmail.com","actor_via_sso":false,"log_type":"token"}', '2024-06-11 06:24:17.583884+00', ''),
                                                                                                        ('00000000-0000-0000-0000-000000000000', '5afe36ab-fdb4-46c6-a70b-510255a0452d', '{"action":"token_refreshed","actor_id":"4908ef52-dc6a-4a86-9aa9-2324c8ff764b","actor_username":"trainer@gmail.com","actor_via_sso":false,"log_type":"token"}', '2024-06-11 07:33:32.635956+00', ''),
                                                                                                        ('00000000-0000-0000-0000-000000000000', '14e2f1f8-bd20-4307-96fb-e3e6bbc3d6e8', '{"action":"token_revoked","actor_id":"4908ef52-dc6a-4a86-9aa9-2324c8ff764b","actor_username":"trainer@gmail.com","actor_via_sso":false,"log_type":"token"}', '2024-06-11 07:33:32.63687+00', ''),
                                                                                                        ('00000000-0000-0000-0000-000000000000', '36e9b030-bc20-4cfe-bead-0de934047eed', '{"action":"token_refreshed","actor_id":"4908ef52-dc6a-4a86-9aa9-2324c8ff764b","actor_username":"trainer@gmail.com","actor_via_sso":false,"log_type":"token"}', '2024-06-11 08:45:36.890876+00', ''),
                                                                                                        ('00000000-0000-0000-0000-000000000000', '963e3fc3-ffa4-4b02-833b-50c9fdd11383', '{"action":"token_revoked","actor_id":"4908ef52-dc6a-4a86-9aa9-2324c8ff764b","actor_username":"trainer@gmail.com","actor_via_sso":false,"log_type":"token"}', '2024-06-11 08:45:36.891469+00', ''),
                                                                                                        ('00000000-0000-0000-0000-000000000000', 'afe89eb1-7851-4b5b-b8d5-aed7e57905ee', '{"action":"token_refreshed","actor_id":"4908ef52-dc6a-4a86-9aa9-2324c8ff764b","actor_username":"trainer@gmail.com","actor_via_sso":false,"log_type":"token"}', '2024-06-11 13:18:51.143724+00', ''),
                                                                                                        ('00000000-0000-0000-0000-000000000000', '941e798b-5c1f-4e0d-994c-0a05d8a54d1e', '{"action":"token_revoked","actor_id":"4908ef52-dc6a-4a86-9aa9-2324c8ff764b","actor_username":"trainer@gmail.com","actor_via_sso":false,"log_type":"token"}', '2024-06-11 13:18:51.147242+00', ''),
                                                                                                        ('00000000-0000-0000-0000-000000000000', '0bb031ee-3856-4568-acef-1f3e7ab5bd93', '{"action":"token_refreshed","actor_id":"4908ef52-dc6a-4a86-9aa9-2324c8ff764b","actor_username":"trainer@gmail.com","actor_via_sso":false,"log_type":"token"}', '2024-06-11 14:16:58.267902+00', ''),
                                                                                                        ('00000000-0000-0000-0000-000000000000', 'b95c2468-4552-4dfb-b4ec-d1b631df4522', '{"action":"token_revoked","actor_id":"4908ef52-dc6a-4a86-9aa9-2324c8ff764b","actor_username":"trainer@gmail.com","actor_via_sso":false,"log_type":"token"}', '2024-06-11 14:16:58.268611+00', ''),
                                                                                                        ('00000000-0000-0000-0000-000000000000', '30b06513-aef9-41ea-9e3b-6707d4bc8beb', '{"action":"login","actor_id":"4908ef52-dc6a-4a86-9aa9-2324c8ff764b","actor_username":"trainer@gmail.com","actor_via_sso":false,"log_type":"account","traits":{"provider":"email"}}', '2024-06-14 18:36:58.146595+00', ''),
                                                                                                        ('00000000-0000-0000-0000-000000000000', '6c1b8607-81c6-4d53-948f-8bb5e64f7b9d', '{"action":"login","actor_id":"9301cbaa-1cd1-4f24-bb41-51ce41650664","actor_username":"player@gmail.com","actor_via_sso":false,"log_type":"account","traits":{"provider":"email"}}', '2024-06-14 18:39:52.587582+00', ''),
                                                                                                        ('00000000-0000-0000-0000-000000000000', 'd223d5aa-96d3-4a08-ad3c-cb41e2f7b5bf', '{"action":"token_refreshed","actor_id":"4908ef52-dc6a-4a86-9aa9-2324c8ff764b","actor_username":"trainer@gmail.com","actor_via_sso":false,"log_type":"token"}', '2024-06-14 20:29:39.767455+00', ''),
                                                                                                        ('00000000-0000-0000-0000-000000000000', 'bb113ab8-dfca-46c4-9109-57820a5c85c7', '{"action":"token_revoked","actor_id":"4908ef52-dc6a-4a86-9aa9-2324c8ff764b","actor_username":"trainer@gmail.com","actor_via_sso":false,"log_type":"token"}', '2024-06-14 20:29:39.768095+00', ''),
                                                                                                        ('00000000-0000-0000-0000-000000000000', '3a440c57-c2e0-45c9-9ec6-83df8fd77454', '{"action":"token_refreshed","actor_id":"4908ef52-dc6a-4a86-9aa9-2324c8ff764b","actor_username":"trainer@gmail.com","actor_via_sso":false,"log_type":"token"}', '2024-06-14 21:27:39.927318+00', ''),
                                                                                                        ('00000000-0000-0000-0000-000000000000', '5481d60a-8d39-46b8-a838-130818f243e6', '{"action":"token_revoked","actor_id":"4908ef52-dc6a-4a86-9aa9-2324c8ff764b","actor_username":"trainer@gmail.com","actor_via_sso":false,"log_type":"token"}', '2024-06-14 21:27:39.928291+00', ''),
                                                                                                        ('00000000-0000-0000-0000-000000000000', '7d7f867c-4bc9-4b36-8546-b4acdd266dbc', '{"action":"token_refreshed","actor_id":"4908ef52-dc6a-4a86-9aa9-2324c8ff764b","actor_username":"trainer@gmail.com","actor_via_sso":false,"log_type":"token"}', '2024-06-14 22:25:40.10383+00', ''),
                                                                                                        ('00000000-0000-0000-0000-000000000000', '8df7a483-eae8-4fd7-87e1-5f17b5a5d383', '{"action":"token_revoked","actor_id":"4908ef52-dc6a-4a86-9aa9-2324c8ff764b","actor_username":"trainer@gmail.com","actor_via_sso":false,"log_type":"token"}', '2024-06-14 22:25:40.104668+00', ''),
                                                                                                        ('00000000-0000-0000-0000-000000000000', '7e7e48c0-b7d9-4a20-87d6-8f15932ea5f4', '{"action":"token_refreshed","actor_id":"4908ef52-dc6a-4a86-9aa9-2324c8ff764b","actor_username":"trainer@gmail.com","actor_via_sso":false,"log_type":"token"}', '2024-06-14 23:23:40.315311+00', ''),
                                                                                                        ('00000000-0000-0000-0000-000000000000', '7b74b111-1c0d-4947-ba23-cb238b455b32', '{"action":"token_revoked","actor_id":"4908ef52-dc6a-4a86-9aa9-2324c8ff764b","actor_username":"trainer@gmail.com","actor_via_sso":false,"log_type":"token"}', '2024-06-14 23:23:40.316027+00', ''),
                                                                                                        ('00000000-0000-0000-0000-000000000000', '348cae43-ee50-4553-baad-acaf55ba5a6a', '{"action":"token_refreshed","actor_id":"4908ef52-dc6a-4a86-9aa9-2324c8ff764b","actor_username":"trainer@gmail.com","actor_via_sso":false,"log_type":"token"}', '2024-06-15 00:21:40.496722+00', ''),
                                                                                                        ('00000000-0000-0000-0000-000000000000', '1210ee48-1a30-424a-9d8e-aa29081a5394', '{"action":"token_revoked","actor_id":"4908ef52-dc6a-4a86-9aa9-2324c8ff764b","actor_username":"trainer@gmail.com","actor_via_sso":false,"log_type":"token"}', '2024-06-15 00:21:40.497593+00', ''),
                                                                                                        ('00000000-0000-0000-0000-000000000000', '3b1fb26b-588d-46e1-8c02-69963dea5550', '{"action":"token_refreshed","actor_id":"4908ef52-dc6a-4a86-9aa9-2324c8ff764b","actor_username":"trainer@gmail.com","actor_via_sso":false,"log_type":"token"}', '2024-06-15 01:19:40.730408+00', ''),
                                                                                                        ('00000000-0000-0000-0000-000000000000', 'e8027296-0441-4afe-9ca9-5e0a48249c7c', '{"action":"token_revoked","actor_id":"4908ef52-dc6a-4a86-9aa9-2324c8ff764b","actor_username":"trainer@gmail.com","actor_via_sso":false,"log_type":"token"}', '2024-06-15 01:19:40.731172+00', ''),
                                                                                                        ('00000000-0000-0000-0000-000000000000', '15efa91d-8482-476b-ac85-72ea5c141b63', '{"action":"token_refreshed","actor_id":"4908ef52-dc6a-4a86-9aa9-2324c8ff764b","actor_username":"trainer@gmail.com","actor_via_sso":false,"log_type":"token"}', '2024-06-15 02:17:40.960901+00', ''),
                                                                                                        ('00000000-0000-0000-0000-000000000000', 'f00a0ca2-b1ba-42fb-9771-fb9280507849', '{"action":"token_revoked","actor_id":"4908ef52-dc6a-4a86-9aa9-2324c8ff764b","actor_username":"trainer@gmail.com","actor_via_sso":false,"log_type":"token"}', '2024-06-15 02:17:40.961675+00', ''),
                                                                                                        ('00000000-0000-0000-0000-000000000000', '12d70185-7d79-4343-89e9-f519cd52cd9e', '{"action":"token_refreshed","actor_id":"4908ef52-dc6a-4a86-9aa9-2324c8ff764b","actor_username":"trainer@gmail.com","actor_via_sso":false,"log_type":"token"}', '2024-06-15 03:15:41.125712+00', ''),
                                                                                                        ('00000000-0000-0000-0000-000000000000', '707adc95-dc76-41bf-85bb-71e5dd812160', '{"action":"token_revoked","actor_id":"4908ef52-dc6a-4a86-9aa9-2324c8ff764b","actor_username":"trainer@gmail.com","actor_via_sso":false,"log_type":"token"}', '2024-06-15 03:15:41.126595+00', ''),
                                                                                                        ('00000000-0000-0000-0000-000000000000', '422ea997-c99b-4853-b5c0-1a50410476df', '{"action":"token_refreshed","actor_id":"4908ef52-dc6a-4a86-9aa9-2324c8ff764b","actor_username":"trainer@gmail.com","actor_via_sso":false,"log_type":"token"}', '2024-06-15 04:13:41.30894+00', ''),
                                                                                                        ('00000000-0000-0000-0000-000000000000', 'dda6b235-6690-4891-8cf7-883322e8ab5e', '{"action":"token_revoked","actor_id":"4908ef52-dc6a-4a86-9aa9-2324c8ff764b","actor_username":"trainer@gmail.com","actor_via_sso":false,"log_type":"token"}', '2024-06-15 04:13:41.309776+00', ''),
                                                                                                        ('00000000-0000-0000-0000-000000000000', '90050976-5ec2-4965-b5f2-150d2da82d0d', '{"action":"token_refreshed","actor_id":"4908ef52-dc6a-4a86-9aa9-2324c8ff764b","actor_username":"trainer@gmail.com","actor_via_sso":false,"log_type":"token"}', '2024-06-15 05:11:41.489561+00', ''),
                                                                                                        ('00000000-0000-0000-0000-000000000000', 'c7636f49-735d-49d2-9c89-e9e99af447c1', '{"action":"token_revoked","actor_id":"4908ef52-dc6a-4a86-9aa9-2324c8ff764b","actor_username":"trainer@gmail.com","actor_via_sso":false,"log_type":"token"}', '2024-06-15 05:11:41.490617+00', ''),
                                                                                                        ('00000000-0000-0000-0000-000000000000', 'c43a3d6f-fb1c-45c2-a53c-926265334300', '{"action":"token_refreshed","actor_id":"4908ef52-dc6a-4a86-9aa9-2324c8ff764b","actor_username":"trainer@gmail.com","actor_via_sso":false,"log_type":"token"}', '2024-06-15 06:09:41.657547+00', ''),
                                                                                                        ('00000000-0000-0000-0000-000000000000', 'd8964834-ea8f-4ab9-a458-6f7c78f9ac3b', '{"action":"token_revoked","actor_id":"4908ef52-dc6a-4a86-9aa9-2324c8ff764b","actor_username":"trainer@gmail.com","actor_via_sso":false,"log_type":"token"}', '2024-06-15 06:09:41.65863+00', ''),
                                                                                                        ('00000000-0000-0000-0000-000000000000', 'db62f7cb-ce20-4c64-bf2b-46f5edf4abd6', '{"action":"token_refreshed","actor_id":"4908ef52-dc6a-4a86-9aa9-2324c8ff764b","actor_username":"trainer@gmail.com","actor_via_sso":false,"log_type":"token"}', '2024-06-15 07:07:41.879595+00', ''),
                                                                                                        ('00000000-0000-0000-0000-000000000000', 'a0594bb0-5a44-40dc-a751-13e3974ae5c0', '{"action":"token_revoked","actor_id":"4908ef52-dc6a-4a86-9aa9-2324c8ff764b","actor_username":"trainer@gmail.com","actor_via_sso":false,"log_type":"token"}', '2024-06-15 07:07:41.882049+00', ''),
                                                                                                        ('00000000-0000-0000-0000-000000000000', 'dee4f21e-0cb7-4191-baed-46e803038bac', '{"action":"token_refreshed","actor_id":"4908ef52-dc6a-4a86-9aa9-2324c8ff764b","actor_username":"trainer@gmail.com","actor_via_sso":false,"log_type":"token"}', '2024-06-15 08:05:42.084942+00', ''),
                                                                                                        ('00000000-0000-0000-0000-000000000000', '2f2adaec-ebac-4c87-a3a8-981ca5a9c320', '{"action":"token_revoked","actor_id":"4908ef52-dc6a-4a86-9aa9-2324c8ff764b","actor_username":"trainer@gmail.com","actor_via_sso":false,"log_type":"token"}', '2024-06-15 08:05:42.085813+00', ''),
                                                                                                        ('00000000-0000-0000-0000-000000000000', '406bda28-a69e-4281-b5bd-869cefe3ae56', '{"action":"token_refreshed","actor_id":"4908ef52-dc6a-4a86-9aa9-2324c8ff764b","actor_username":"trainer@gmail.com","actor_via_sso":false,"log_type":"token"}', '2024-06-15 09:03:42.318967+00', ''),
                                                                                                        ('00000000-0000-0000-0000-000000000000', '53b4c5bc-bb91-450c-ae83-60f2c76b8018', '{"action":"token_revoked","actor_id":"4908ef52-dc6a-4a86-9aa9-2324c8ff764b","actor_username":"trainer@gmail.com","actor_via_sso":false,"log_type":"token"}', '2024-06-15 09:03:42.319764+00', ''),
                                                                                                        ('00000000-0000-0000-0000-000000000000', '5d146b62-b6b0-4654-9fee-077f732ae549', '{"action":"token_refreshed","actor_id":"4908ef52-dc6a-4a86-9aa9-2324c8ff764b","actor_username":"trainer@gmail.com","actor_via_sso":false,"log_type":"token"}', '2024-06-15 10:01:42.501698+00', ''),
                                                                                                        ('00000000-0000-0000-0000-000000000000', '75ea6499-0569-43c8-b115-5709bbb5de50', '{"action":"token_revoked","actor_id":"4908ef52-dc6a-4a86-9aa9-2324c8ff764b","actor_username":"trainer@gmail.com","actor_via_sso":false,"log_type":"token"}', '2024-06-15 10:01:42.502562+00', ''),
                                                                                                        ('00000000-0000-0000-0000-000000000000', 'efe9b80d-7703-4db2-9d8e-54d99a2e12aa', '{"action":"token_refreshed","actor_id":"4908ef52-dc6a-4a86-9aa9-2324c8ff764b","actor_username":"trainer@gmail.com","actor_via_sso":false,"log_type":"token"}', '2024-06-15 10:59:42.693015+00', ''),
                                                                                                        ('00000000-0000-0000-0000-000000000000', '10bfc4d8-b406-46e9-9afc-489409eb6816', '{"action":"token_revoked","actor_id":"4908ef52-dc6a-4a86-9aa9-2324c8ff764b","actor_username":"trainer@gmail.com","actor_via_sso":false,"log_type":"token"}', '2024-06-15 10:59:42.693808+00', ''),
                                                                                                        ('00000000-0000-0000-0000-000000000000', 'af1ab41a-171e-4194-bf2c-ce25541f54e3', '{"action":"token_refreshed","actor_id":"4908ef52-dc6a-4a86-9aa9-2324c8ff764b","actor_username":"trainer@gmail.com","actor_via_sso":false,"log_type":"token"}', '2024-06-15 11:57:42.895429+00', ''),
                                                                                                        ('00000000-0000-0000-0000-000000000000', '5e38320d-6afa-4823-a2a0-dc6cfdda875e', '{"action":"token_revoked","actor_id":"4908ef52-dc6a-4a86-9aa9-2324c8ff764b","actor_username":"trainer@gmail.com","actor_via_sso":false,"log_type":"token"}', '2024-06-15 11:57:42.896141+00', ''),
                                                                                                        ('00000000-0000-0000-0000-000000000000', 'e042eb61-4837-4a42-bb56-36a67a0ca1a4', '{"action":"token_refreshed","actor_id":"4908ef52-dc6a-4a86-9aa9-2324c8ff764b","actor_username":"trainer@gmail.com","actor_via_sso":false,"log_type":"token"}', '2024-06-15 12:56:11.698407+00', ''),
                                                                                                        ('00000000-0000-0000-0000-000000000000', 'b32789c2-193a-44a8-ac19-6a987424c69d', '{"action":"token_revoked","actor_id":"4908ef52-dc6a-4a86-9aa9-2324c8ff764b","actor_username":"trainer@gmail.com","actor_via_sso":false,"log_type":"token"}', '2024-06-15 12:56:11.699598+00', ''),
                                                                                                        ('00000000-0000-0000-0000-000000000000', '164263a3-32cc-4d02-a332-b846b89ff2b2', '{"action":"token_refreshed","actor_id":"4908ef52-dc6a-4a86-9aa9-2324c8ff764b","actor_username":"trainer@gmail.com","actor_via_sso":false,"log_type":"token"}', '2024-06-15 13:54:23.277941+00', ''),
                                                                                                        ('00000000-0000-0000-0000-000000000000', 'fd830c61-860a-4933-98ab-ed459e444396', '{"action":"token_revoked","actor_id":"4908ef52-dc6a-4a86-9aa9-2324c8ff764b","actor_username":"trainer@gmail.com","actor_via_sso":false,"log_type":"token"}', '2024-06-15 13:54:23.278682+00', ''),
                                                                                                        ('00000000-0000-0000-0000-000000000000', '25d0dbf6-78c4-4ce6-abf9-85092a21efb7', '{"action":"token_refreshed","actor_id":"9301cbaa-1cd1-4f24-bb41-51ce41650664","actor_username":"player@gmail.com","actor_via_sso":false,"log_type":"token"}', '2024-06-15 14:26:07.854713+00', ''),
                                                                                                        ('00000000-0000-0000-0000-000000000000', '33f5b66c-8aa3-4956-8ef1-016f2b20ab97', '{"action":"token_revoked","actor_id":"9301cbaa-1cd1-4f24-bb41-51ce41650664","actor_username":"player@gmail.com","actor_via_sso":false,"log_type":"token"}', '2024-06-15 14:26:07.855844+00', ''),
                                                                                                        ('00000000-0000-0000-0000-000000000000', 'e752e666-5dc3-4483-aab3-a6666c9474ae', '{"action":"token_refreshed","actor_id":"4908ef52-dc6a-4a86-9aa9-2324c8ff764b","actor_username":"trainer@gmail.com","actor_via_sso":false,"log_type":"token"}', '2024-06-15 15:00:50.268811+00', ''),
                                                                                                        ('00000000-0000-0000-0000-000000000000', '2b13302b-0c9d-4b93-a49a-1a6d39bbc0c3', '{"action":"token_revoked","actor_id":"4908ef52-dc6a-4a86-9aa9-2324c8ff764b","actor_username":"trainer@gmail.com","actor_via_sso":false,"log_type":"token"}', '2024-06-15 15:00:50.272848+00', ''),
                                                                                                        ('00000000-0000-0000-0000-000000000000', '7f442c5d-8846-44a6-ac16-7d483cf2e09b', '{"action":"token_refreshed","actor_id":"4908ef52-dc6a-4a86-9aa9-2324c8ff764b","actor_username":"trainer@gmail.com","actor_via_sso":false,"log_type":"token"}', '2024-06-15 15:59:01.620152+00', ''),
                                                                                                        ('00000000-0000-0000-0000-000000000000', 'dbf4d2de-29c2-4076-ab15-af954f529709', '{"action":"token_revoked","actor_id":"4908ef52-dc6a-4a86-9aa9-2324c8ff764b","actor_username":"trainer@gmail.com","actor_via_sso":false,"log_type":"token"}', '2024-06-15 15:59:01.621071+00', ''),
                                                                                                        ('00000000-0000-0000-0000-000000000000', 'a4c2b98d-5176-4cc3-9bd0-a659deb34e74', '{"action":"token_refreshed","actor_id":"4908ef52-dc6a-4a86-9aa9-2324c8ff764b","actor_username":"trainer@gmail.com","actor_via_sso":false,"log_type":"token"}', '2024-06-15 16:57:01.814864+00', ''),
                                                                                                        ('00000000-0000-0000-0000-000000000000', 'dd9af3d2-a438-46ae-ad35-4bfa93f2c0e4', '{"action":"token_revoked","actor_id":"4908ef52-dc6a-4a86-9aa9-2324c8ff764b","actor_username":"trainer@gmail.com","actor_via_sso":false,"log_type":"token"}', '2024-06-15 16:57:01.815723+00', ''),
                                                                                                        ('00000000-0000-0000-0000-000000000000', '079e8d11-1e5a-4d8a-894b-32401e3620d6', '{"action":"token_refreshed","actor_id":"4908ef52-dc6a-4a86-9aa9-2324c8ff764b","actor_username":"trainer@gmail.com","actor_via_sso":false,"log_type":"token"}', '2024-06-15 17:55:13.614066+00', ''),
                                                                                                        ('00000000-0000-0000-0000-000000000000', '7ee179aa-94c2-473b-932c-2e3bf0f49474', '{"action":"token_revoked","actor_id":"4908ef52-dc6a-4a86-9aa9-2324c8ff764b","actor_username":"trainer@gmail.com","actor_via_sso":false,"log_type":"token"}', '2024-06-15 17:55:13.614704+00', ''),
                                                                                                        ('00000000-0000-0000-0000-000000000000', '9d42a04e-46a6-4d76-88da-ee645d68444a', '{"action":"token_refreshed","actor_id":"4908ef52-dc6a-4a86-9aa9-2324c8ff764b","actor_username":"trainer@gmail.com","actor_via_sso":false,"log_type":"token"}', '2024-06-15 18:53:13.816402+00', ''),
                                                                                                        ('00000000-0000-0000-0000-000000000000', '9688e53b-a86f-45db-bc51-4e5f409e0108', '{"action":"token_revoked","actor_id":"4908ef52-dc6a-4a86-9aa9-2324c8ff764b","actor_username":"trainer@gmail.com","actor_via_sso":false,"log_type":"token"}', '2024-06-15 18:53:13.817149+00', ''),
                                                                                                        ('00000000-0000-0000-0000-000000000000', '9b40f4ab-cf6c-4860-8dc2-d062062a0258', '{"action":"token_refreshed","actor_id":"4908ef52-dc6a-4a86-9aa9-2324c8ff764b","actor_username":"trainer@gmail.com","actor_via_sso":false,"log_type":"token"}', '2024-06-15 19:51:14.008758+00', ''),
                                                                                                        ('00000000-0000-0000-0000-000000000000', '8152ae1c-ecd7-4300-a2bb-fb3f1d7f2e44', '{"action":"token_revoked","actor_id":"4908ef52-dc6a-4a86-9aa9-2324c8ff764b","actor_username":"trainer@gmail.com","actor_via_sso":false,"log_type":"token"}', '2024-06-15 19:51:14.0096+00', ''),
                                                                                                        ('00000000-0000-0000-0000-000000000000', '1334b885-7ec7-4369-b036-e3c553a492c1', '{"action":"token_refreshed","actor_id":"4908ef52-dc6a-4a86-9aa9-2324c8ff764b","actor_username":"trainer@gmail.com","actor_via_sso":false,"log_type":"token"}', '2024-06-15 20:49:14.157162+00', ''),
                                                                                                        ('00000000-0000-0000-0000-000000000000', '60d095c0-e8e7-4819-b988-2bc6f164b70e', '{"action":"token_revoked","actor_id":"4908ef52-dc6a-4a86-9aa9-2324c8ff764b","actor_username":"trainer@gmail.com","actor_via_sso":false,"log_type":"token"}', '2024-06-15 20:49:14.157825+00', ''),
                                                                                                        ('00000000-0000-0000-0000-000000000000', 'cc40499b-5f4b-4818-a03d-16c96905dbec', '{"action":"token_refreshed","actor_id":"4908ef52-dc6a-4a86-9aa9-2324c8ff764b","actor_username":"trainer@gmail.com","actor_via_sso":false,"log_type":"token"}', '2024-06-15 21:47:14.351767+00', ''),
                                                                                                        ('00000000-0000-0000-0000-000000000000', '6a899cf1-6b72-4dbc-8bbf-7f765e31b0c5', '{"action":"token_revoked","actor_id":"4908ef52-dc6a-4a86-9aa9-2324c8ff764b","actor_username":"trainer@gmail.com","actor_via_sso":false,"log_type":"token"}', '2024-06-15 21:47:14.352754+00', ''),
                                                                                                        ('00000000-0000-0000-0000-000000000000', 'bc1f6b58-8a39-4f56-9b5f-6d5ed37e051c', '{"action":"token_refreshed","actor_id":"4908ef52-dc6a-4a86-9aa9-2324c8ff764b","actor_username":"trainer@gmail.com","actor_via_sso":false,"log_type":"token"}', '2024-06-15 22:45:14.53998+00', ''),
                                                                                                        ('00000000-0000-0000-0000-000000000000', '695d1a00-359b-46fa-ae4e-0e495eea0ff7', '{"action":"token_revoked","actor_id":"4908ef52-dc6a-4a86-9aa9-2324c8ff764b","actor_username":"trainer@gmail.com","actor_via_sso":false,"log_type":"token"}', '2024-06-15 22:45:14.540888+00', ''),
                                                                                                        ('00000000-0000-0000-0000-000000000000', 'dff8b10f-d4f6-4fdf-ad55-5bc8cbaf6d08', '{"action":"token_refreshed","actor_id":"4908ef52-dc6a-4a86-9aa9-2324c8ff764b","actor_username":"trainer@gmail.com","actor_via_sso":false,"log_type":"token"}', '2024-06-15 23:43:14.737927+00', ''),
                                                                                                        ('00000000-0000-0000-0000-000000000000', 'b59c0667-327d-4cbb-8940-9ebb194a5e16', '{"action":"token_revoked","actor_id":"4908ef52-dc6a-4a86-9aa9-2324c8ff764b","actor_username":"trainer@gmail.com","actor_via_sso":false,"log_type":"token"}', '2024-06-15 23:43:14.738612+00', ''),
                                                                                                        ('00000000-0000-0000-0000-000000000000', '7cee662d-9d58-4deb-8870-f07ad4a4ce30', '{"action":"token_refreshed","actor_id":"4908ef52-dc6a-4a86-9aa9-2324c8ff764b","actor_username":"trainer@gmail.com","actor_via_sso":false,"log_type":"token"}', '2024-06-16 00:41:14.907992+00', ''),
                                                                                                        ('00000000-0000-0000-0000-000000000000', 'ae8864ab-4982-4d09-bc76-94b12e601a61', '{"action":"token_revoked","actor_id":"4908ef52-dc6a-4a86-9aa9-2324c8ff764b","actor_username":"trainer@gmail.com","actor_via_sso":false,"log_type":"token"}', '2024-06-16 00:41:14.908837+00', ''),
                                                                                                        ('00000000-0000-0000-0000-000000000000', 'd5b425a0-6b27-4885-8150-acfef964c3ee', '{"action":"token_refreshed","actor_id":"4908ef52-dc6a-4a86-9aa9-2324c8ff764b","actor_username":"trainer@gmail.com","actor_via_sso":false,"log_type":"token"}', '2024-06-16 01:39:15.060834+00', ''),
                                                                                                        ('00000000-0000-0000-0000-000000000000', '430a3822-bc3b-4f06-98ec-bbf62914d851', '{"action":"token_revoked","actor_id":"4908ef52-dc6a-4a86-9aa9-2324c8ff764b","actor_username":"trainer@gmail.com","actor_via_sso":false,"log_type":"token"}', '2024-06-16 01:39:15.061432+00', ''),
                                                                                                        ('00000000-0000-0000-0000-000000000000', '9d90febd-f77f-47a0-830f-5b4161b0f6c1', '{"action":"token_refreshed","actor_id":"4908ef52-dc6a-4a86-9aa9-2324c8ff764b","actor_username":"trainer@gmail.com","actor_via_sso":false,"log_type":"token"}', '2024-06-16 02:37:15.307413+00', ''),
                                                                                                        ('00000000-0000-0000-0000-000000000000', '2d69072a-df1d-4c5f-b958-508a0a18dca2', '{"action":"token_revoked","actor_id":"4908ef52-dc6a-4a86-9aa9-2324c8ff764b","actor_username":"trainer@gmail.com","actor_via_sso":false,"log_type":"token"}', '2024-06-16 02:37:15.308265+00', ''),
                                                                                                        ('00000000-0000-0000-0000-000000000000', '28160213-ee01-4a7b-8ccd-5a3bef781471', '{"action":"token_refreshed","actor_id":"4908ef52-dc6a-4a86-9aa9-2324c8ff764b","actor_username":"trainer@gmail.com","actor_via_sso":false,"log_type":"token"}', '2024-06-16 03:35:15.503217+00', ''),
                                                                                                        ('00000000-0000-0000-0000-000000000000', '2d2ba6d1-7872-4be0-a294-79843756a903', '{"action":"token_revoked","actor_id":"4908ef52-dc6a-4a86-9aa9-2324c8ff764b","actor_username":"trainer@gmail.com","actor_via_sso":false,"log_type":"token"}', '2024-06-16 03:35:15.504004+00', ''),
                                                                                                        ('00000000-0000-0000-0000-000000000000', '822e40ac-0861-4f72-a61d-b8e4f772e4c6', '{"action":"token_refreshed","actor_id":"4908ef52-dc6a-4a86-9aa9-2324c8ff764b","actor_username":"trainer@gmail.com","actor_via_sso":false,"log_type":"token"}', '2024-06-16 04:33:15.69908+00', ''),
                                                                                                        ('00000000-0000-0000-0000-000000000000', '64cc75ed-7fef-473e-a88f-1f4e05377378', '{"action":"token_revoked","actor_id":"4908ef52-dc6a-4a86-9aa9-2324c8ff764b","actor_username":"trainer@gmail.com","actor_via_sso":false,"log_type":"token"}', '2024-06-16 04:33:15.699929+00', ''),
                                                                                                        ('00000000-0000-0000-0000-000000000000', '2a310200-f7ea-47c8-a96c-50108a6e9190', '{"action":"token_refreshed","actor_id":"4908ef52-dc6a-4a86-9aa9-2324c8ff764b","actor_username":"trainer@gmail.com","actor_via_sso":false,"log_type":"token"}', '2024-06-16 05:31:29.316387+00', ''),
                                                                                                        ('00000000-0000-0000-0000-000000000000', 'e0c68f99-6b7a-4f9d-9d1f-4ca15981f943', '{"action":"token_revoked","actor_id":"4908ef52-dc6a-4a86-9aa9-2324c8ff764b","actor_username":"trainer@gmail.com","actor_via_sso":false,"log_type":"token"}', '2024-06-16 05:31:29.317283+00', ''),
                                                                                                        ('00000000-0000-0000-0000-000000000000', '79789234-7fdd-480f-bb26-92d3b6b4aed1', '{"action":"token_refreshed","actor_id":"4908ef52-dc6a-4a86-9aa9-2324c8ff764b","actor_username":"trainer@gmail.com","actor_via_sso":false,"log_type":"token"}', '2024-06-16 06:29:50.468789+00', ''),
                                                                                                        ('00000000-0000-0000-0000-000000000000', 'a18b2850-cb6e-4a36-b888-d095d1df45cc', '{"action":"token_revoked","actor_id":"4908ef52-dc6a-4a86-9aa9-2324c8ff764b","actor_username":"trainer@gmail.com","actor_via_sso":false,"log_type":"token"}', '2024-06-16 06:29:50.469496+00', ''),
                                                                                                        ('00000000-0000-0000-0000-000000000000', 'e7266c5c-1a8d-401e-a53b-60776f996b38', '{"action":"token_refreshed","actor_id":"9301cbaa-1cd1-4f24-bb41-51ce41650664","actor_username":"player@gmail.com","actor_via_sso":false,"log_type":"token"}', '2024-06-16 06:34:32.365804+00', ''),
                                                                                                        ('00000000-0000-0000-0000-000000000000', '4c318253-a3cc-41bd-91a5-6ae1f085e5e7', '{"action":"token_revoked","actor_id":"9301cbaa-1cd1-4f24-bb41-51ce41650664","actor_username":"player@gmail.com","actor_via_sso":false,"log_type":"token"}', '2024-06-16 06:34:32.366642+00', '');


--
-- Data for Name: flow_state; Type: TABLE DATA; Schema: auth; Owner: supabase_auth_admin
--



--
-- Data for Name: users; Type: TABLE DATA; Schema: auth; Owner: supabase_auth_admin
--

INSERT INTO "auth"."users" ("instance_id", "id", "aud", "role", "email", "encrypted_password", "email_confirmed_at", "invited_at", "confirmation_token", "confirmation_sent_at", "recovery_token", "recovery_sent_at", "email_change_token_new", "email_change", "email_change_sent_at", "last_sign_in_at", "raw_app_meta_data", "raw_user_meta_data", "is_super_admin", "created_at", "updated_at", "phone", "phone_confirmed_at", "phone_change", "phone_change_token", "phone_change_sent_at", "email_change_token_current", "email_change_confirm_status", "banned_until", "reauthentication_token", "reauthentication_sent_at", "is_sso_user", "deleted_at", "is_anonymous") VALUES
                                                                                                                                                                                                                                                                                                                                                                                                                                                                                                                                                                                                                                                                                      ('00000000-0000-0000-0000-000000000000', '265f3d05-f61e-4cef-ad5c-52a2bcc703ef', 'authenticated', 'authenticated', 'no-teams@gmail.com', '$2a$10$ePOPbhrdMWpQtQ2QcviWquuQvUSVvjOHKXJI8PI/Lk2GmjKCcMMzm', '2024-05-01 14:16:27.800966+00', NULL, '', NULL, '', NULL, '', '', NULL, '2024-05-01 15:30:47.710698+00', '{"provider": "email", "providers": ["email"]}', '{"sub": "265f3d05-f61e-4cef-ad5c-52a2bcc703ef", "email": "no-teams@gmail.com", "email_verified": false, "phone_verified": false}', NULL, '2024-05-01 14:16:27.791235+00', '2024-05-01 15:30:47.712423+00', NULL, NULL, '', '', NULL, '', 0, NULL, '', NULL, false, NULL, false),
                                                                                                                                                                                                                                                                                                                                                                                                                                                                                                                                                                                                                                                                                      ('00000000-0000-0000-0000-000000000000', '4908ef52-dc6a-4a86-9aa9-2324c8ff764b', 'authenticated', 'authenticated', 'trainer@gmail.com', '$2a$10$WGOXEFqDP1W5GrJOCRUj7.YMkASTsObA6J34IIT5jAwkV/schRF3e', '2024-05-01 08:38:04.136608+00', NULL, '', NULL, '', NULL, '', '', NULL, '2024-06-14 18:36:58.15224+00', '{"provider": "email", "providers": ["email"]}', '{}', NULL, '2024-05-01 08:38:04.13217+00', '2024-06-16 06:29:50.471509+00', NULL, NULL, '', '', NULL, '', 0, NULL, '', NULL, false, NULL, false),
                                                                                                                                                                                                                                                                                                                                                                                                                                                                                                                                                                                                                                                                                      ('00000000-0000-0000-0000-000000000000', '9301cbaa-1cd1-4f24-bb41-51ce41650664', 'authenticated', 'authenticated', 'player@gmail.com', '$2a$10$hUjM.jPjqOvFct1cm6Hppe.Qwx8WG0r2Kjj15BnIWKnxedL0UYEUO', '2024-05-01 08:38:29.891561+00', NULL, '', NULL, '', NULL, '', '', NULL, '2024-06-14 18:39:52.588212+00', '{"provider": "email", "providers": ["email"]}', '{}', NULL, '2024-05-01 08:38:29.885533+00', '2024-06-16 06:34:32.368914+00', NULL, NULL, '', '', NULL, '', 0, NULL, '', NULL, false, NULL, false);


--
-- Data for Name: identities; Type: TABLE DATA; Schema: auth; Owner: supabase_auth_admin
--

INSERT INTO "auth"."identities" ("provider_id", "user_id", "identity_data", "provider", "last_sign_in_at", "created_at", "updated_at", "id") VALUES
                                                                                                                                                 ('4908ef52-dc6a-4a86-9aa9-2324c8ff764b', '4908ef52-dc6a-4a86-9aa9-2324c8ff764b', '{"sub": "4908ef52-dc6a-4a86-9aa9-2324c8ff764b", "email": "trainer@gmail.com", "email_verified": false, "phone_verified": false}', 'email', '2024-05-01 08:38:04.133877+00', '2024-05-01 08:38:04.133904+00', '2024-05-01 08:38:04.133904+00', '8215dab6-e455-4427-abad-02e635133257'),
                                                                                                                                                 ('9301cbaa-1cd1-4f24-bb41-51ce41650664', '9301cbaa-1cd1-4f24-bb41-51ce41650664', '{"sub": "9301cbaa-1cd1-4f24-bb41-51ce41650664", "email": "player@gmail.com", "email_verified": false, "phone_verified": false}', 'email', '2024-05-01 08:38:29.887605+00', '2024-05-01 08:38:29.887644+00', '2024-05-01 08:38:29.887644+00', '87efbd78-43f3-4b40-a768-6dfd13943459'),
                                                                                                                                                 ('265f3d05-f61e-4cef-ad5c-52a2bcc703ef', '265f3d05-f61e-4cef-ad5c-52a2bcc703ef', '{"sub": "265f3d05-f61e-4cef-ad5c-52a2bcc703ef", "email": "no-teams@gmail.com", "email_verified": false, "phone_verified": false}', 'email', '2024-05-01 14:16:27.795646+00', '2024-05-01 14:16:27.795688+00', '2024-05-01 14:16:27.795688+00', 'e2104b12-da5a-4c6d-a29a-91000a715b4b');


--
-- Data for Name: instances; Type: TABLE DATA; Schema: auth; Owner: supabase_auth_admin
--



--
-- Data for Name: sessions; Type: TABLE DATA; Schema: auth; Owner: supabase_auth_admin
--

INSERT INTO "auth"."sessions" ("id", "user_id", "created_at", "updated_at", "factor_id", "aal", "not_after", "refreshed_at", "user_agent", "ip", "tag") VALUES
                                                                                                                                                            ('647016f8-ae80-4c4b-b022-198a400d65b8', '4908ef52-dc6a-4a86-9aa9-2324c8ff764b', '2024-05-01 18:57:35.820221+00', '2024-05-02 20:09:54.580709+00', NULL, 'aal1', NULL, '2024-05-02 20:09:54.580659', 'Expo/1017599 CFNetwork/1494.0.7 Darwin/23.4.0', '192.168.65.1', NULL),
                                                                                                                                                            ('d97650a6-08b2-4660-a326-6ea936cf428b', '9301cbaa-1cd1-4f24-bb41-51ce41650664', '2024-05-01 20:34:23.617951+00', '2024-05-03 12:44:23.476425+00', NULL, 'aal1', NULL, '2024-05-03 12:44:23.476363', 'okhttp/4.9.2', '192.168.65.1', NULL),
                                                                                                                                                            ('467c4b95-0dc4-4c83-94fa-ad43afb9888a', '4908ef52-dc6a-4a86-9aa9-2324c8ff764b', '2024-05-02 19:34:31.456291+00', '2024-05-03 15:38:43.310839+00', NULL, 'aal1', NULL, '2024-05-03 15:38:43.310759', 'Expo/2.30.10 CFNetwork/1474 Darwin/23.4.0', '192.168.65.1', NULL),
                                                                                                                                                            ('4a50ae6b-aff7-4145-997c-6c8d7a2a8215', '4908ef52-dc6a-4a86-9aa9-2324c8ff764b', '2024-06-14 18:36:58.152347+00', '2024-06-16 06:29:50.472517+00', NULL, 'aal1', NULL, '2024-06-16 06:29:50.472469', 'Expo/2.31.6 CFNetwork/1474 Darwin/23.5.0', '192.168.65.1', NULL),
                                                                                                                                                            ('e5b98a65-f873-40ab-9e70-9aa384323410', '9301cbaa-1cd1-4f24-bb41-51ce41650664', '2024-06-04 10:25:23.208883+00', '2024-06-11 06:23:40.554786+00', NULL, 'aal1', NULL, '2024-06-11 06:23:40.55466', 'Expo/1017616 CFNetwork/1496.0.7 Darwin/23.5.0', '192.168.65.1', NULL),
                                                                                                                                                            ('3a275de2-4df9-4c9c-bdb3-dcc3e3b895b3', '9301cbaa-1cd1-4f24-bb41-51ce41650664', '2024-06-14 18:39:52.58825+00', '2024-06-16 06:34:32.369893+00', NULL, 'aal1', NULL, '2024-06-16 06:34:32.369838', 'Expo/1017616 CFNetwork/1496.0.7 Darwin/23.5.0', '192.168.65.1', NULL),
                                                                                                                                                            ('1764a3ab-9d65-40b2-9350-bc3016e7e616', '4908ef52-dc6a-4a86-9aa9-2324c8ff764b', '2024-06-04 09:50:36.649934+00', '2024-06-11 14:16:58.271859+00', NULL, 'aal1', NULL, '2024-06-11 14:16:58.271801', 'Expo/2.31.6 CFNetwork/1474 Darwin/23.5.0', '192.168.65.1', NULL);


--
-- Data for Name: mfa_amr_claims; Type: TABLE DATA; Schema: auth; Owner: supabase_auth_admin
--

INSERT INTO "auth"."mfa_amr_claims" ("session_id", "created_at", "updated_at", "authentication_method", "id") VALUES
                                                                                                                  ('647016f8-ae80-4c4b-b022-198a400d65b8', '2024-05-01 18:57:35.823222+00', '2024-05-01 18:57:35.823222+00', 'password', '60e6a358-817a-49a9-9525-0608de0912ad'),
                                                                                                                  ('d97650a6-08b2-4660-a326-6ea936cf428b', '2024-05-01 20:34:23.619924+00', '2024-05-01 20:34:23.619924+00', 'password', '673c1950-7c81-4a5c-8c5b-79f38f05f01c'),
                                                                                                                  ('467c4b95-0dc4-4c83-94fa-ad43afb9888a', '2024-05-02 19:34:31.462267+00', '2024-05-02 19:34:31.462267+00', 'password', 'd7c75e9e-21a6-4edb-8941-c2bd55013149'),
                                                                                                                  ('1764a3ab-9d65-40b2-9350-bc3016e7e616', '2024-06-04 09:50:36.661397+00', '2024-06-04 09:50:36.661397+00', 'password', '9a01609f-6496-40fe-a088-1695a69e0da1'),
                                                                                                                  ('e5b98a65-f873-40ab-9e70-9aa384323410', '2024-06-04 10:25:23.212625+00', '2024-06-04 10:25:23.212625+00', 'password', 'c1eb4990-b3b8-4372-8aa7-8592b26f908e'),
                                                                                                                  ('4a50ae6b-aff7-4145-997c-6c8d7a2a8215', '2024-06-14 18:36:58.161128+00', '2024-06-14 18:36:58.161128+00', 'password', 'b727345d-ef09-4720-a827-281d18f32fe6'),
                                                                                                                  ('3a275de2-4df9-4c9c-bdb3-dcc3e3b895b3', '2024-06-14 18:39:52.590497+00', '2024-06-14 18:39:52.590497+00', 'password', '9a0fe36b-91ed-4405-b54c-1583bb73e11c');


--
-- Data for Name: mfa_factors; Type: TABLE DATA; Schema: auth; Owner: supabase_auth_admin
--



--
-- Data for Name: mfa_challenges; Type: TABLE DATA; Schema: auth; Owner: supabase_auth_admin
--



--
-- Data for Name: one_time_tokens; Type: TABLE DATA; Schema: auth; Owner: supabase_auth_admin
--



--
-- Data for Name: refresh_tokens; Type: TABLE DATA; Schema: auth; Owner: supabase_auth_admin
--

INSERT INTO "auth"."refresh_tokens" ("instance_id", "id", "token", "user_id", "revoked", "created_at", "updated_at", "parent", "session_id") VALUES
                                                                                                                                                 ('00000000-0000-0000-0000-000000000000', 18, 'jYA8plvxa_NaBEqhf9_M0g', '4908ef52-dc6a-4a86-9aa9-2324c8ff764b', true, '2024-05-01 18:57:35.8214+00', '2024-05-01 19:59:59.136966+00', NULL, '647016f8-ae80-4c4b-b022-198a400d65b8'),
                                                                                                                                                 ('00000000-0000-0000-0000-000000000000', 19, '6q5-ZoV2ffxsc5lsjIWRtA', '4908ef52-dc6a-4a86-9aa9-2324c8ff764b', true, '2024-05-01 19:59:59.137527+00', '2024-05-02 20:09:54.577824+00', 'jYA8plvxa_NaBEqhf9_M0g', '647016f8-ae80-4c4b-b022-198a400d65b8'),
                                                                                                                                                 ('00000000-0000-0000-0000-000000000000', 22, 'FADgjoTh3swPiVB1lOebTA', '4908ef52-dc6a-4a86-9aa9-2324c8ff764b', false, '2024-05-02 20:09:54.578551+00', '2024-05-02 20:09:54.578551+00', '6q5-ZoV2ffxsc5lsjIWRtA', '647016f8-ae80-4c4b-b022-198a400d65b8'),
                                                                                                                                                 ('00000000-0000-0000-0000-000000000000', 20, 'XoIc9dJ6gKUIMEkd1xkxow', '9301cbaa-1cd1-4f24-bb41-51ce41650664', true, '2024-05-01 20:34:23.618841+00', '2024-05-02 20:28:12.523065+00', NULL, 'd97650a6-08b2-4660-a326-6ea936cf428b'),
                                                                                                                                                 ('00000000-0000-0000-0000-000000000000', 21, 'NmG3m0cT-36HIk9gb47LRw', '4908ef52-dc6a-4a86-9aa9-2324c8ff764b', true, '2024-05-02 19:34:31.45988+00', '2024-05-02 20:32:39.070432+00', NULL, '467c4b95-0dc4-4c83-94fa-ad43afb9888a'),
                                                                                                                                                 ('00000000-0000-0000-0000-000000000000', 24, 'kAXju06y86kilizmOAM8Jg', '4908ef52-dc6a-4a86-9aa9-2324c8ff764b', true, '2024-05-02 20:32:39.070842+00', '2024-05-02 22:45:31.638234+00', 'NmG3m0cT-36HIk9gb47LRw', '467c4b95-0dc4-4c83-94fa-ad43afb9888a'),
                                                                                                                                                 ('00000000-0000-0000-0000-000000000000', 25, 'Jz4YuWh0n2GXwOSKx5Uajg', '4908ef52-dc6a-4a86-9aa9-2324c8ff764b', true, '2024-05-02 22:45:31.638818+00', '2024-05-03 00:47:44.931247+00', 'kAXju06y86kilizmOAM8Jg', '467c4b95-0dc4-4c83-94fa-ad43afb9888a'),
                                                                                                                                                 ('00000000-0000-0000-0000-000000000000', 26, 'd9lsfTh4AvTIdmEj61fvmw', '4908ef52-dc6a-4a86-9aa9-2324c8ff764b', true, '2024-05-03 00:47:44.93315+00', '2024-05-03 02:15:18.808226+00', 'Jz4YuWh0n2GXwOSKx5Uajg', '467c4b95-0dc4-4c83-94fa-ad43afb9888a'),
                                                                                                                                                 ('00000000-0000-0000-0000-000000000000', 27, 'SnWYuL4Ghvx-sekdyazrew', '4908ef52-dc6a-4a86-9aa9-2324c8ff764b', true, '2024-05-03 02:15:18.812629+00', '2024-05-03 04:43:25.736816+00', 'd9lsfTh4AvTIdmEj61fvmw', '467c4b95-0dc4-4c83-94fa-ad43afb9888a'),
                                                                                                                                                 ('00000000-0000-0000-0000-000000000000', 28, 'XMOPCB1Q3mtlW4R3lFTQ5g', '4908ef52-dc6a-4a86-9aa9-2324c8ff764b', true, '2024-05-03 04:43:25.741707+00', '2024-05-03 05:41:26.001107+00', 'SnWYuL4Ghvx-sekdyazrew', '467c4b95-0dc4-4c83-94fa-ad43afb9888a'),
                                                                                                                                                 ('00000000-0000-0000-0000-000000000000', 29, 'zIc9-crYVMlOo_yRO6vRWQ', '4908ef52-dc6a-4a86-9aa9-2324c8ff764b', true, '2024-05-03 05:41:26.001572+00', '2024-05-03 06:50:00.328002+00', 'XMOPCB1Q3mtlW4R3lFTQ5g', '467c4b95-0dc4-4c83-94fa-ad43afb9888a'),
                                                                                                                                                 ('00000000-0000-0000-0000-000000000000', 62, 'LWaJGyJEkxsuHbPbFpl2eQ', '4908ef52-dc6a-4a86-9aa9-2324c8ff764b', true, '2024-05-03 06:50:00.328981+00', '2024-05-03 07:48:13.995426+00', 'zIc9-crYVMlOo_yRO6vRWQ', '467c4b95-0dc4-4c83-94fa-ad43afb9888a'),
                                                                                                                                                 ('00000000-0000-0000-0000-000000000000', 63, 'YLCA4n_EcL4Mou6I1hd3dw', '4908ef52-dc6a-4a86-9aa9-2324c8ff764b', true, '2024-05-03 07:48:13.995795+00', '2024-05-03 08:46:14.28721+00', 'LWaJGyJEkxsuHbPbFpl2eQ', '467c4b95-0dc4-4c83-94fa-ad43afb9888a'),
                                                                                                                                                 ('00000000-0000-0000-0000-000000000000', 64, '4sbnwAoDUn3aLxeXI49Zgg', '4908ef52-dc6a-4a86-9aa9-2324c8ff764b', true, '2024-05-03 08:46:14.287585+00', '2024-05-03 09:44:28.105195+00', 'YLCA4n_EcL4Mou6I1hd3dw', '467c4b95-0dc4-4c83-94fa-ad43afb9888a'),
                                                                                                                                                 ('00000000-0000-0000-0000-000000000000', 23, 'AoJEbq_AebHdnSlx5q6QjA', '9301cbaa-1cd1-4f24-bb41-51ce41650664', true, '2024-05-02 20:28:12.523633+00', '2024-05-03 09:50:10.699157+00', 'XoIc9dJ6gKUIMEkd1xkxow', 'd97650a6-08b2-4660-a326-6ea936cf428b'),
                                                                                                                                                 ('00000000-0000-0000-0000-000000000000', 65, 'xfNXp9nHqBPrRIiBCuCxkg', '4908ef52-dc6a-4a86-9aa9-2324c8ff764b', true, '2024-05-03 09:44:28.106051+00', '2024-05-03 10:42:31.564153+00', '4sbnwAoDUn3aLxeXI49Zgg', '467c4b95-0dc4-4c83-94fa-ad43afb9888a'),
                                                                                                                                                 ('00000000-0000-0000-0000-000000000000', 66, 'EPrLsjp-Xe-2ATqFIo82yA', '9301cbaa-1cd1-4f24-bb41-51ce41650664', true, '2024-05-03 09:50:10.699543+00', '2024-05-03 10:48:22.629487+00', 'AoJEbq_AebHdnSlx5q6QjA', 'd97650a6-08b2-4660-a326-6ea936cf428b'),
                                                                                                                                                 ('00000000-0000-0000-0000-000000000000', 67, 'ei7kn9P4UaxWTBdPBK1IEw', '4908ef52-dc6a-4a86-9aa9-2324c8ff764b', true, '2024-05-03 10:42:31.564479+00', '2024-05-03 11:40:54.850358+00', 'xfNXp9nHqBPrRIiBCuCxkg', '467c4b95-0dc4-4c83-94fa-ad43afb9888a'),
                                                                                                                                                 ('00000000-0000-0000-0000-000000000000', 68, '1IJ7XOWk9iSdu36f_bCw6w', '9301cbaa-1cd1-4f24-bb41-51ce41650664', true, '2024-05-03 10:48:22.629804+00', '2024-05-03 11:46:23.014257+00', 'EPrLsjp-Xe-2ATqFIo82yA', 'd97650a6-08b2-4660-a326-6ea936cf428b'),
                                                                                                                                                 ('00000000-0000-0000-0000-000000000000', 69, 'baE-gVglOS2whAsvuw1MrA', '4908ef52-dc6a-4a86-9aa9-2324c8ff764b', true, '2024-05-03 11:40:54.8507+00', '2024-05-03 12:38:55.62575+00', 'ei7kn9P4UaxWTBdPBK1IEw', '467c4b95-0dc4-4c83-94fa-ad43afb9888a'),
                                                                                                                                                 ('00000000-0000-0000-0000-000000000000', 70, 'GYuIRqdQFLf3glOWZhgkgQ', '9301cbaa-1cd1-4f24-bb41-51ce41650664', true, '2024-05-03 11:46:23.01467+00', '2024-05-03 12:44:23.474109+00', '1IJ7XOWk9iSdu36f_bCw6w', 'd97650a6-08b2-4660-a326-6ea936cf428b'),
                                                                                                                                                 ('00000000-0000-0000-0000-000000000000', 72, '8Bag6PzOafOW4kexberTQg', '9301cbaa-1cd1-4f24-bb41-51ce41650664', false, '2024-05-03 12:44:23.474428+00', '2024-05-03 12:44:23.474428+00', 'GYuIRqdQFLf3glOWZhgkgQ', 'd97650a6-08b2-4660-a326-6ea936cf428b'),
                                                                                                                                                 ('00000000-0000-0000-0000-000000000000', 71, 'U8nfJQK7B7g-kGYhYgvbsg', '4908ef52-dc6a-4a86-9aa9-2324c8ff764b', true, '2024-05-03 12:38:55.626071+00', '2024-05-03 13:37:01.504162+00', 'baE-gVglOS2whAsvuw1MrA', '467c4b95-0dc4-4c83-94fa-ad43afb9888a'),
                                                                                                                                                 ('00000000-0000-0000-0000-000000000000', 73, 'x0iMttKm4GCY6RrE-tKOoA', '4908ef52-dc6a-4a86-9aa9-2324c8ff764b', true, '2024-05-03 13:37:01.504484+00', '2024-05-03 14:35:02.884892+00', 'U8nfJQK7B7g-kGYhYgvbsg', '467c4b95-0dc4-4c83-94fa-ad43afb9888a'),
                                                                                                                                                 ('00000000-0000-0000-0000-000000000000', 74, 'Nc7FZe468n3LeRr1rxAMxQ', '4908ef52-dc6a-4a86-9aa9-2324c8ff764b', true, '2024-05-03 14:35:02.885235+00', '2024-05-03 15:38:43.307001+00', 'x0iMttKm4GCY6RrE-tKOoA', '467c4b95-0dc4-4c83-94fa-ad43afb9888a'),
                                                                                                                                                 ('00000000-0000-0000-0000-000000000000', 75, 'Wkk9rKsMWrnbyDoI1qd57w', '4908ef52-dc6a-4a86-9aa9-2324c8ff764b', false, '2024-05-03 15:38:43.307581+00', '2024-05-03 15:38:43.307581+00', 'Nc7FZe468n3LeRr1rxAMxQ', '467c4b95-0dc4-4c83-94fa-ad43afb9888a'),
                                                                                                                                                 ('00000000-0000-0000-0000-000000000000', 108, 'JiIv-CIwRsHIH7vZK6f6rg', '4908ef52-dc6a-4a86-9aa9-2324c8ff764b', true, '2024-06-04 09:50:36.655864+00', '2024-06-04 11:42:15.319224+00', NULL, '1764a3ab-9d65-40b2-9350-bc3016e7e616'),
                                                                                                                                                 ('00000000-0000-0000-0000-000000000000', 110, 'fHPwn1CowslTMUNqGAJHew', '4908ef52-dc6a-4a86-9aa9-2324c8ff764b', true, '2024-06-04 11:42:15.319859+00', '2024-06-04 12:40:43.066888+00', 'JiIv-CIwRsHIH7vZK6f6rg', '1764a3ab-9d65-40b2-9350-bc3016e7e616'),
                                                                                                                                                 ('00000000-0000-0000-0000-000000000000', 109, 'ha43th15F52gvjYt7wMxjQ', '9301cbaa-1cd1-4f24-bb41-51ce41650664', true, '2024-06-04 10:25:23.209915+00', '2024-06-04 12:55:55.309528+00', NULL, 'e5b98a65-f873-40ab-9e70-9aa384323410'),
                                                                                                                                                 ('00000000-0000-0000-0000-000000000000', 111, 'Lfw9o7nVnEgeoqRvZCy6Jg', '4908ef52-dc6a-4a86-9aa9-2324c8ff764b', true, '2024-06-04 12:40:43.067484+00', '2024-06-04 13:39:06.222356+00', 'fHPwn1CowslTMUNqGAJHew', '1764a3ab-9d65-40b2-9350-bc3016e7e616'),
                                                                                                                                                 ('00000000-0000-0000-0000-000000000000', 112, 'Bc8JSUJbIqi4Pp5yYtytFQ', '9301cbaa-1cd1-4f24-bb41-51ce41650664', true, '2024-06-04 12:55:55.310563+00', '2024-06-04 14:13:43.08536+00', 'ha43th15F52gvjYt7wMxjQ', 'e5b98a65-f873-40ab-9e70-9aa384323410'),
                                                                                                                                                 ('00000000-0000-0000-0000-000000000000', 113, 'bd8EiPDsdlfdyvO68lE0hg', '4908ef52-dc6a-4a86-9aa9-2324c8ff764b', true, '2024-06-04 13:39:06.223663+00', '2024-06-04 14:37:06.509455+00', 'Lfw9o7nVnEgeoqRvZCy6Jg', '1764a3ab-9d65-40b2-9350-bc3016e7e616'),
                                                                                                                                                 ('00000000-0000-0000-0000-000000000000', 114, 'CMeXKDNkoRRNO3ME5jF6SQ', '9301cbaa-1cd1-4f24-bb41-51ce41650664', true, '2024-06-04 14:13:43.085917+00', '2024-06-11 06:23:40.543644+00', 'Bc8JSUJbIqi4Pp5yYtytFQ', 'e5b98a65-f873-40ab-9e70-9aa384323410'),
                                                                                                                                                 ('00000000-0000-0000-0000-000000000000', 116, 'zEy8fVDVXR-bbR9lCFofsQ', '9301cbaa-1cd1-4f24-bb41-51ce41650664', false, '2024-06-11 06:23:40.54624+00', '2024-06-11 06:23:40.54624+00', 'CMeXKDNkoRRNO3ME5jF6SQ', 'e5b98a65-f873-40ab-9e70-9aa384323410'),
                                                                                                                                                 ('00000000-0000-0000-0000-000000000000', 115, 'vEEuTIpt82IayuOJvA8soQ', '4908ef52-dc6a-4a86-9aa9-2324c8ff764b', true, '2024-06-04 14:37:06.510906+00', '2024-06-11 06:24:17.58497+00', 'bd8EiPDsdlfdyvO68lE0hg', '1764a3ab-9d65-40b2-9350-bc3016e7e616'),
                                                                                                                                                 ('00000000-0000-0000-0000-000000000000', 117, 'NHFNmz7llwiOVHvaeRWBWA', '4908ef52-dc6a-4a86-9aa9-2324c8ff764b', true, '2024-06-11 06:24:17.5855+00', '2024-06-11 07:33:32.637693+00', 'vEEuTIpt82IayuOJvA8soQ', '1764a3ab-9d65-40b2-9350-bc3016e7e616'),
                                                                                                                                                 ('00000000-0000-0000-0000-000000000000', 118, 'aAtmdB6PDxZwYVnbjXLRhg', '4908ef52-dc6a-4a86-9aa9-2324c8ff764b', true, '2024-06-11 07:33:32.638181+00', '2024-06-11 08:45:36.892078+00', 'NHFNmz7llwiOVHvaeRWBWA', '1764a3ab-9d65-40b2-9350-bc3016e7e616'),
                                                                                                                                                 ('00000000-0000-0000-0000-000000000000', 119, 'PhkOORnRFxt2l__wZZCtzA', '4908ef52-dc6a-4a86-9aa9-2324c8ff764b', true, '2024-06-11 08:45:36.892399+00', '2024-06-11 13:18:51.147865+00', 'aAtmdB6PDxZwYVnbjXLRhg', '1764a3ab-9d65-40b2-9350-bc3016e7e616'),
                                                                                                                                                 ('00000000-0000-0000-0000-000000000000', 120, 'vzxf2MENcSRTFY-0qS1tWA', '4908ef52-dc6a-4a86-9aa9-2324c8ff764b', true, '2024-06-11 13:18:51.148518+00', '2024-06-11 14:16:58.269323+00', 'PhkOORnRFxt2l__wZZCtzA', '1764a3ab-9d65-40b2-9350-bc3016e7e616'),
                                                                                                                                                 ('00000000-0000-0000-0000-000000000000', 121, 'f_-QHg-9WzozFQcR7dJHAw', '4908ef52-dc6a-4a86-9aa9-2324c8ff764b', false, '2024-06-11 14:16:58.269794+00', '2024-06-11 14:16:58.269794+00', 'vzxf2MENcSRTFY-0qS1tWA', '1764a3ab-9d65-40b2-9350-bc3016e7e616'),
                                                                                                                                                 ('00000000-0000-0000-0000-000000000000', 122, 't4us9SXCrkIjK0wUex8xVA', '4908ef52-dc6a-4a86-9aa9-2324c8ff764b', true, '2024-06-14 18:36:58.156658+00', '2024-06-14 20:29:39.768638+00', NULL, '4a50ae6b-aff7-4145-997c-6c8d7a2a8215'),
                                                                                                                                                 ('00000000-0000-0000-0000-000000000000', 124, 'oH31-cKkiyEjCg5h51Ld7w', '4908ef52-dc6a-4a86-9aa9-2324c8ff764b', true, '2024-06-14 20:29:39.769334+00', '2024-06-14 21:27:39.929298+00', 't4us9SXCrkIjK0wUex8xVA', '4a50ae6b-aff7-4145-997c-6c8d7a2a8215'),
                                                                                                                                                 ('00000000-0000-0000-0000-000000000000', 125, 'nXcglSRM1j8PPk1URIQX0g', '4908ef52-dc6a-4a86-9aa9-2324c8ff764b', true, '2024-06-14 21:27:39.929747+00', '2024-06-14 22:25:40.10545+00', 'oH31-cKkiyEjCg5h51Ld7w', '4a50ae6b-aff7-4145-997c-6c8d7a2a8215'),
                                                                                                                                                 ('00000000-0000-0000-0000-000000000000', 126, 'PMvWU1f9FGAKyAU8jc3KTw', '4908ef52-dc6a-4a86-9aa9-2324c8ff764b', true, '2024-06-14 22:25:40.105826+00', '2024-06-14 23:23:40.316795+00', 'nXcglSRM1j8PPk1URIQX0g', '4a50ae6b-aff7-4145-997c-6c8d7a2a8215'),
                                                                                                                                                 ('00000000-0000-0000-0000-000000000000', 127, 'vSa5bClr1lHEJdSwm0cMow', '4908ef52-dc6a-4a86-9aa9-2324c8ff764b', true, '2024-06-14 23:23:40.317151+00', '2024-06-15 00:21:40.49853+00', 'PMvWU1f9FGAKyAU8jc3KTw', '4a50ae6b-aff7-4145-997c-6c8d7a2a8215'),
                                                                                                                                                 ('00000000-0000-0000-0000-000000000000', 123, 'YrhI6kltjyLK_YXinmyoXw', '9301cbaa-1cd1-4f24-bb41-51ce41650664', true, '2024-06-14 18:39:52.589278+00', '2024-06-15 14:26:07.85654+00', NULL, '3a275de2-4df9-4c9c-bdb3-dcc3e3b895b3'),
                                                                                                                                                 ('00000000-0000-0000-0000-000000000000', 128, 'E_8IwFeM_VYxhngzoDIN8g', '4908ef52-dc6a-4a86-9aa9-2324c8ff764b', true, '2024-06-15 00:21:40.499007+00', '2024-06-15 01:19:40.731904+00', 'vSa5bClr1lHEJdSwm0cMow', '4a50ae6b-aff7-4145-997c-6c8d7a2a8215'),
                                                                                                                                                 ('00000000-0000-0000-0000-000000000000', 129, 'vsxSt-pKw6E-jl5MtBiEkA', '4908ef52-dc6a-4a86-9aa9-2324c8ff764b', true, '2024-06-15 01:19:40.732293+00', '2024-06-15 02:17:40.962353+00', 'E_8IwFeM_VYxhngzoDIN8g', '4a50ae6b-aff7-4145-997c-6c8d7a2a8215'),
                                                                                                                                                 ('00000000-0000-0000-0000-000000000000', 130, 'iBgqOdimq7h7cskwEeNJZw', '4908ef52-dc6a-4a86-9aa9-2324c8ff764b', true, '2024-06-15 02:17:40.962661+00', '2024-06-15 03:15:41.127434+00', 'vsxSt-pKw6E-jl5MtBiEkA', '4a50ae6b-aff7-4145-997c-6c8d7a2a8215'),
                                                                                                                                                 ('00000000-0000-0000-0000-000000000000', 131, 'fLi_riSqo6i1QEL-OCy_zw', '4908ef52-dc6a-4a86-9aa9-2324c8ff764b', true, '2024-06-15 03:15:41.127833+00', '2024-06-15 04:13:41.310445+00', 'iBgqOdimq7h7cskwEeNJZw', '4a50ae6b-aff7-4145-997c-6c8d7a2a8215'),
                                                                                                                                                 ('00000000-0000-0000-0000-000000000000', 132, 'L_TdABK0kJkd5wO3mPrYPg', '4908ef52-dc6a-4a86-9aa9-2324c8ff764b', true, '2024-06-15 04:13:41.310758+00', '2024-06-15 05:11:41.491346+00', 'fLi_riSqo6i1QEL-OCy_zw', '4a50ae6b-aff7-4145-997c-6c8d7a2a8215'),
                                                                                                                                                 ('00000000-0000-0000-0000-000000000000', 133, '139LdlRvY4uXGI8P-CIv_w', '4908ef52-dc6a-4a86-9aa9-2324c8ff764b', true, '2024-06-15 05:11:41.491703+00', '2024-06-15 06:09:41.659313+00', 'L_TdABK0kJkd5wO3mPrYPg', '4a50ae6b-aff7-4145-997c-6c8d7a2a8215'),
                                                                                                                                                 ('00000000-0000-0000-0000-000000000000', 134, 'jTlai0JsVVt66mKjkuAuNA', '4908ef52-dc6a-4a86-9aa9-2324c8ff764b', true, '2024-06-15 06:09:41.659633+00', '2024-06-15 07:07:41.882738+00', '139LdlRvY4uXGI8P-CIv_w', '4a50ae6b-aff7-4145-997c-6c8d7a2a8215'),
                                                                                                                                                 ('00000000-0000-0000-0000-000000000000', 135, 'TESdfuB8UeJ-AeKT6MViqQ', '4908ef52-dc6a-4a86-9aa9-2324c8ff764b', true, '2024-06-15 07:07:41.883079+00', '2024-06-15 08:05:42.086607+00', 'jTlai0JsVVt66mKjkuAuNA', '4a50ae6b-aff7-4145-997c-6c8d7a2a8215'),
                                                                                                                                                 ('00000000-0000-0000-0000-000000000000', 136, 'ft4DCfOjqKdYrLZsh_c3eA', '4908ef52-dc6a-4a86-9aa9-2324c8ff764b', true, '2024-06-15 08:05:42.086933+00', '2024-06-15 09:03:42.320484+00', 'TESdfuB8UeJ-AeKT6MViqQ', '4a50ae6b-aff7-4145-997c-6c8d7a2a8215'),
                                                                                                                                                 ('00000000-0000-0000-0000-000000000000', 137, 'YR5peqYy_rIBGwwAidZclg', '4908ef52-dc6a-4a86-9aa9-2324c8ff764b', true, '2024-06-15 09:03:42.320819+00', '2024-06-15 10:01:42.503253+00', 'ft4DCfOjqKdYrLZsh_c3eA', '4a50ae6b-aff7-4145-997c-6c8d7a2a8215'),
                                                                                                                                                 ('00000000-0000-0000-0000-000000000000', 138, 'hW8FQ6DZq7YhYVL251MG7Q', '4908ef52-dc6a-4a86-9aa9-2324c8ff764b', true, '2024-06-15 10:01:42.503572+00', '2024-06-15 10:59:42.694474+00', 'YR5peqYy_rIBGwwAidZclg', '4a50ae6b-aff7-4145-997c-6c8d7a2a8215'),
                                                                                                                                                 ('00000000-0000-0000-0000-000000000000', 139, '_turejdwNRRtyWpO9FZBqQ', '4908ef52-dc6a-4a86-9aa9-2324c8ff764b', true, '2024-06-15 10:59:42.694917+00', '2024-06-15 11:57:42.896703+00', 'hW8FQ6DZq7YhYVL251MG7Q', '4a50ae6b-aff7-4145-997c-6c8d7a2a8215'),
                                                                                                                                                 ('00000000-0000-0000-0000-000000000000', 140, 'A7dSYzFbtFX-WZlNqCGz4g', '4908ef52-dc6a-4a86-9aa9-2324c8ff764b', true, '2024-06-15 11:57:42.896976+00', '2024-06-15 12:56:11.700553+00', '_turejdwNRRtyWpO9FZBqQ', '4a50ae6b-aff7-4145-997c-6c8d7a2a8215'),
                                                                                                                                                 ('00000000-0000-0000-0000-000000000000', 141, 'UTT-AW6fejR7brBFHiLUkA', '4908ef52-dc6a-4a86-9aa9-2324c8ff764b', true, '2024-06-15 12:56:11.701006+00', '2024-06-15 13:54:23.279336+00', 'A7dSYzFbtFX-WZlNqCGz4g', '4a50ae6b-aff7-4145-997c-6c8d7a2a8215'),
                                                                                                                                                 ('00000000-0000-0000-0000-000000000000', 142, '3DyvL8Sj74l72JrpG7YWyg', '4908ef52-dc6a-4a86-9aa9-2324c8ff764b', true, '2024-06-15 13:54:23.279654+00', '2024-06-15 15:00:50.2769+00', 'UTT-AW6fejR7brBFHiLUkA', '4a50ae6b-aff7-4145-997c-6c8d7a2a8215'),
                                                                                                                                                 ('00000000-0000-0000-0000-000000000000', 144, 'G9TDw2XNVnVCwg2eeeOrTw', '4908ef52-dc6a-4a86-9aa9-2324c8ff764b', true, '2024-06-15 15:00:50.278574+00', '2024-06-15 15:59:01.621895+00', '3DyvL8Sj74l72JrpG7YWyg', '4a50ae6b-aff7-4145-997c-6c8d7a2a8215'),
                                                                                                                                                 ('00000000-0000-0000-0000-000000000000', 145, 'DftajpYzQ5fCCuwMre5Adw', '4908ef52-dc6a-4a86-9aa9-2324c8ff764b', true, '2024-06-15 15:59:01.622222+00', '2024-06-15 16:57:01.816479+00', 'G9TDw2XNVnVCwg2eeeOrTw', '4a50ae6b-aff7-4145-997c-6c8d7a2a8215'),
                                                                                                                                                 ('00000000-0000-0000-0000-000000000000', 146, 'luoBFvz1LYsGOvbb4ByxkQ', '4908ef52-dc6a-4a86-9aa9-2324c8ff764b', true, '2024-06-15 16:57:01.816824+00', '2024-06-15 17:55:13.615194+00', 'DftajpYzQ5fCCuwMre5Adw', '4a50ae6b-aff7-4145-997c-6c8d7a2a8215'),
                                                                                                                                                 ('00000000-0000-0000-0000-000000000000', 147, 'X872cuwwmXc-MH5GX-HWLA', '4908ef52-dc6a-4a86-9aa9-2324c8ff764b', true, '2024-06-15 17:55:13.61544+00', '2024-06-15 18:53:13.81778+00', 'luoBFvz1LYsGOvbb4ByxkQ', '4a50ae6b-aff7-4145-997c-6c8d7a2a8215'),
                                                                                                                                                 ('00000000-0000-0000-0000-000000000000', 148, 'OFxwzIyl9eZ-sQ_iCrQZ7Q', '4908ef52-dc6a-4a86-9aa9-2324c8ff764b', true, '2024-06-15 18:53:13.818142+00', '2024-06-15 19:51:14.010208+00', 'X872cuwwmXc-MH5GX-HWLA', '4a50ae6b-aff7-4145-997c-6c8d7a2a8215'),
                                                                                                                                                 ('00000000-0000-0000-0000-000000000000', 149, 'wqDC3eRmbUyD6vZdBm3c3Q', '4908ef52-dc6a-4a86-9aa9-2324c8ff764b', true, '2024-06-15 19:51:14.010642+00', '2024-06-15 20:49:14.1584+00', 'OFxwzIyl9eZ-sQ_iCrQZ7Q', '4a50ae6b-aff7-4145-997c-6c8d7a2a8215'),
                                                                                                                                                 ('00000000-0000-0000-0000-000000000000', 150, '59yZELpqqN3-AIlJVZRZGg', '4908ef52-dc6a-4a86-9aa9-2324c8ff764b', true, '2024-06-15 20:49:14.158752+00', '2024-06-15 21:47:14.353509+00', 'wqDC3eRmbUyD6vZdBm3c3Q', '4a50ae6b-aff7-4145-997c-6c8d7a2a8215'),
                                                                                                                                                 ('00000000-0000-0000-0000-000000000000', 151, '4RSCfABYZPEhgQdRjvpqZg', '4908ef52-dc6a-4a86-9aa9-2324c8ff764b', true, '2024-06-15 21:47:14.35377+00', '2024-06-15 22:45:14.541585+00', '59yZELpqqN3-AIlJVZRZGg', '4a50ae6b-aff7-4145-997c-6c8d7a2a8215'),
                                                                                                                                                 ('00000000-0000-0000-0000-000000000000', 152, '8FJVuuBwClKxMSkS-KTwqg', '4908ef52-dc6a-4a86-9aa9-2324c8ff764b', true, '2024-06-15 22:45:14.541966+00', '2024-06-15 23:43:14.739168+00', '4RSCfABYZPEhgQdRjvpqZg', '4a50ae6b-aff7-4145-997c-6c8d7a2a8215'),
                                                                                                                                                 ('00000000-0000-0000-0000-000000000000', 153, 'm_bwbT3SWt0qN6ECCAFVLQ', '4908ef52-dc6a-4a86-9aa9-2324c8ff764b', true, '2024-06-15 23:43:14.739436+00', '2024-06-16 00:41:14.909521+00', '8FJVuuBwClKxMSkS-KTwqg', '4a50ae6b-aff7-4145-997c-6c8d7a2a8215'),
                                                                                                                                                 ('00000000-0000-0000-0000-000000000000', 154, 'leQz6mdzQuVPXDhPW8q1kA', '4908ef52-dc6a-4a86-9aa9-2324c8ff764b', true, '2024-06-16 00:41:14.909852+00', '2024-06-16 01:39:15.062016+00', 'm_bwbT3SWt0qN6ECCAFVLQ', '4a50ae6b-aff7-4145-997c-6c8d7a2a8215'),
                                                                                                                                                 ('00000000-0000-0000-0000-000000000000', 155, '61D6RN9xHeWa43zEk_uiZw', '4908ef52-dc6a-4a86-9aa9-2324c8ff764b', true, '2024-06-16 01:39:15.062296+00', '2024-06-16 02:37:15.309008+00', 'leQz6mdzQuVPXDhPW8q1kA', '4a50ae6b-aff7-4145-997c-6c8d7a2a8215'),
                                                                                                                                                 ('00000000-0000-0000-0000-000000000000', 156, 'zeNaxTq-vhKZglAo8jKmkQ', '4908ef52-dc6a-4a86-9aa9-2324c8ff764b', true, '2024-06-16 02:37:15.309358+00', '2024-06-16 03:35:15.504643+00', '61D6RN9xHeWa43zEk_uiZw', '4a50ae6b-aff7-4145-997c-6c8d7a2a8215'),
                                                                                                                                                 ('00000000-0000-0000-0000-000000000000', 157, '5KpPpvb1F_g1NIwVWy3v1g', '4908ef52-dc6a-4a86-9aa9-2324c8ff764b', true, '2024-06-16 03:35:15.505116+00', '2024-06-16 04:33:15.700582+00', 'zeNaxTq-vhKZglAo8jKmkQ', '4a50ae6b-aff7-4145-997c-6c8d7a2a8215'),
                                                                                                                                                 ('00000000-0000-0000-0000-000000000000', 158, '1OJT6pjjP62r8yUDKpkRTw', '4908ef52-dc6a-4a86-9aa9-2324c8ff764b', true, '2024-06-16 04:33:15.700897+00', '2024-06-16 05:31:29.318451+00', '5KpPpvb1F_g1NIwVWy3v1g', '4a50ae6b-aff7-4145-997c-6c8d7a2a8215'),
                                                                                                                                                 ('00000000-0000-0000-0000-000000000000', 159, 'z53C6LPM7jW-iZabpFyRig', '4908ef52-dc6a-4a86-9aa9-2324c8ff764b', true, '2024-06-16 05:31:29.318784+00', '2024-06-16 06:29:50.470177+00', '1OJT6pjjP62r8yUDKpkRTw', '4a50ae6b-aff7-4145-997c-6c8d7a2a8215'),
                                                                                                                                                 ('00000000-0000-0000-0000-000000000000', 160, 'ad8aMLMVxJWPFSkQJN_Z_Q', '4908ef52-dc6a-4a86-9aa9-2324c8ff764b', false, '2024-06-16 06:29:50.470581+00', '2024-06-16 06:29:50.470581+00', 'z53C6LPM7jW-iZabpFyRig', '4a50ae6b-aff7-4145-997c-6c8d7a2a8215'),
                                                                                                                                                 ('00000000-0000-0000-0000-000000000000', 143, 'cv0QXhNmkOqQA8GcARLC8A', '9301cbaa-1cd1-4f24-bb41-51ce41650664', true, '2024-06-15 14:26:07.857017+00', '2024-06-16 06:34:32.367443+00', 'YrhI6kltjyLK_YXinmyoXw', '3a275de2-4df9-4c9c-bdb3-dcc3e3b895b3'),
                                                                                                                                                 ('00000000-0000-0000-0000-000000000000', 161, 'nOI8bTtLoMyL5fGaPQhmYQ', '9301cbaa-1cd1-4f24-bb41-51ce41650664', false, '2024-06-16 06:34:32.367795+00', '2024-06-16 06:34:32.367795+00', 'cv0QXhNmkOqQA8GcARLC8A', '3a275de2-4df9-4c9c-bdb3-dcc3e3b895b3');


--
-- Data for Name: sso_providers; Type: TABLE DATA; Schema: auth; Owner: supabase_auth_admin
--



--
-- Data for Name: saml_providers; Type: TABLE DATA; Schema: auth; Owner: supabase_auth_admin
--



--
-- Data for Name: saml_relay_states; Type: TABLE DATA; Schema: auth; Owner: supabase_auth_admin
--



--
-- Data for Name: sso_domains; Type: TABLE DATA; Schema: auth; Owner: supabase_auth_admin
--



--
-- Data for Name: key; Type: TABLE DATA; Schema: pgsodium; Owner: supabase_admin
--



--
-- Data for Name: team; Type: TABLE DATA; Schema: public; Owner: postgres
--

INSERT INTO "public"."team" ("id", "name", "icon") VALUES
                                                       ('15f9e934-76ef-4697-bde7-c361305d00a9', 'Industrie Turicum', 'logo.jpeg'),
                                                       ('72fa36b0-d565-49f3-95df-397ed2bff801', 'FC Zrich', 'logo.jpeg'),
                                                       ('a862fc42-53f8-485e-841c-da6ae7dcc6ea', 'Red Dragons', 'logo.jpeg');


--
-- Data for Name: chat; Type: TABLE DATA; Schema: public; Owner: postgres
--

INSERT INTO "public"."chat" ("id", "team_id", "name") VALUES
                                                          ('fc9ee84b-29f7-4d07-8f45-d76814ef53e5', '72fa36b0-d565-49f3-95df-397ed2bff801', 'Chat for Red Dragons'),
                                                          ('1981ee96-1002-44f9-b449-4bb010a4c29e', '15f9e934-76ef-4697-bde7-c361305d00a9', 'Chat for Golden Eagles'),
                                                          ('485f5cf3-7983-49d7-8bb2-371d63da887d', 'a862fc42-53f8-485e-841c-da6ae7dcc6ea', 'Chat for Silver Foxes');


--
-- Data for Name: event; Type: TABLE DATA; Schema: public; Owner: postgres
--

INSERT INTO "public"."event" ("id", "team_id", "type", "start", "end", "location", "ground") VALUES
                                                                                                 ('b2018a68-b893-4aba-93df-26f567847206', '72fa36b0-d565-49f3-95df-397ed2bff801', 'TRAINING', '2023-03-01 16:30:00+00', '2023-03-01 18:00:00+00', 'Location 1', 'Ground 1'),
                                                                                                 ('b0f5c8de-31ff-4dde-b430-a70bb7d15931', '72fa36b0-d565-49f3-95df-397ed2bff801', 'TRAINING', '2023-03-03 16:30:00+00', '2023-03-03 18:00:00+00', 'Location 3', 'Ground 3'),
                                                                                                 ('6bf9adbc-9073-427a-8ead-0c80d621300f', '72fa36b0-d565-49f3-95df-397ed2bff801', 'TOURNAMENT', '2023-03-06 09:00:00+00', '2023-03-06 11:00:00+00', 'Location 6', 'Ground 6'),
                                                                                                 ('08e15686-e208-411c-95f9-ac01176aaa24', '72fa36b0-d565-49f3-95df-397ed2bff801', 'TRAINING', '2023-03-08 16:30:00+00', '2023-03-08 18:00:00+00', 'Location 4', 'Ground 4'),
                                                                                                 ('6812e953-d5af-4635-885e-5270ac1be316', '72fa36b0-d565-49f3-95df-397ed2bff801', 'TRAINING', '2023-03-10 16:30:00+00', '2023-03-10 18:00:00+00', 'Location 6', 'Ground 6'),
                                                                                                 ('6441739f-5b0d-4f54-bdaf-7d965c9b922d', '72fa36b0-d565-49f3-95df-397ed2bff801', 'MATCH', '2023-03-13 11:00:00+00', '2023-03-13 13:00:00+00', 'Location 9', 'Ground 9'),
                                                                                                 ('992c767f-f717-4366-b7e5-31aa8d76a84a', '72fa36b0-d565-49f3-95df-397ed2bff801', 'TRAINING', '2023-03-15 16:30:00+00', '2023-03-15 18:00:00+00', 'Location 7', 'Ground 7'),
                                                                                                 ('3ec1eade-73bc-4e0a-b708-1e9e832926f1', '72fa36b0-d565-49f3-95df-397ed2bff801', 'TRAINING', '2023-03-17 16:30:00+00', '2023-03-17 18:00:00+00', 'Location 9', 'Ground 9'),
                                                                                                 ('2a408c06-2e79-4996-aa5c-260e5846e198', '72fa36b0-d565-49f3-95df-397ed2bff801', 'TOURNAMENT', '2023-03-20 13:00:00+00', '2023-03-20 15:00:00+00', 'Location 12', 'Ground 12'),
                                                                                                 ('6b7ba300-ba39-4dd3-8d4f-4f7f63285d5b', '72fa36b0-d565-49f3-95df-397ed2bff801', 'TRAINING', '2023-03-22 16:30:00+00', '2023-03-22 18:00:00+00', 'Location 10', 'Ground 10'),
                                                                                                 ('837d67be-ad64-4325-a1ea-65c4fdbeb752', '72fa36b0-d565-49f3-95df-397ed2bff801', 'TRAINING', '2023-03-24 16:30:00+00', '2023-03-24 18:00:00+00', 'Location 12', 'Ground 12'),
                                                                                                 ('1c301168-0d1d-46ee-b954-1ebaf413b526', '72fa36b0-d565-49f3-95df-397ed2bff801', 'MATCH', '2023-03-27 14:00:00+00', '2023-03-27 16:00:00+00', 'Location 15', 'Ground 15'),
                                                                                                 ('453266aa-ac1f-4ec1-a525-eb57f0b4d031', '72fa36b0-d565-49f3-95df-397ed2bff801', 'TRAINING', '2023-03-29 15:30:00+00', '2023-03-29 17:00:00+00', 'Location 13', 'Ground 13'),
                                                                                                 ('8d416674-e5c6-47da-82a5-d9d4e3f28261', '72fa36b0-d565-49f3-95df-397ed2bff801', 'TRAINING', '2023-03-31 15:30:00+00', '2023-03-31 17:00:00+00', 'Location 15', 'Ground 15'),
                                                                                                 ('9e01656a-39ea-446a-a4bd-960e620fc5be', '72fa36b0-d565-49f3-95df-397ed2bff801', 'TOURNAMENT', '2023-04-03 08:00:00+00', '2023-04-03 10:00:00+00', 'Location 18', 'Ground 18'),
                                                                                                 ('dcf5056e-86bb-4152-8701-491eae69168f', '72fa36b0-d565-49f3-95df-397ed2bff801', 'TRAINING', '2023-04-05 15:30:00+00', '2023-04-05 17:00:00+00', 'Location 16', 'Ground 16'),
                                                                                                 ('c302cbe2-56d6-4bdb-a68b-3ec88ba03bf4', '72fa36b0-d565-49f3-95df-397ed2bff801', 'TRAINING', '2023-04-07 15:30:00+00', '2023-04-07 17:00:00+00', 'Location 18', 'Ground 18'),
                                                                                                 ('63dba2e8-ed62-47e3-812f-eb429550569f', '72fa36b0-d565-49f3-95df-397ed2bff801', 'MATCH', '2023-04-10 10:00:00+00', '2023-04-10 12:00:00+00', 'Location 21', 'Ground 21'),
                                                                                                 ('00188ab2-57c1-4130-ae23-518101f1d6b6', '72fa36b0-d565-49f3-95df-397ed2bff801', 'TRAINING', '2023-04-12 15:30:00+00', '2023-04-12 17:00:00+00', 'Location 19', 'Ground 19'),
                                                                                                 ('df0f9638-9990-48bf-86ac-7c5af8f37230', '72fa36b0-d565-49f3-95df-397ed2bff801', 'TRAINING', '2023-04-14 15:30:00+00', '2023-04-14 17:00:00+00', 'Location 21', 'Ground 21'),
                                                                                                 ('3c5bbffe-045f-482f-ae18-632d3a3fb247', '72fa36b0-d565-49f3-95df-397ed2bff801', 'TOURNAMENT', '2023-04-17 12:00:00+00', '2023-04-17 14:00:00+00', 'Location 24', 'Ground 24'),
                                                                                                 ('1d13318c-2e0b-4e06-b809-58c6ca982133', '72fa36b0-d565-49f3-95df-397ed2bff801', 'TRAINING', '2023-04-19 15:30:00+00', '2023-04-19 17:00:00+00', 'Location 22', 'Ground 22'),
                                                                                                 ('906ff08b-5e96-4121-a3dc-ed2cb9bdeb21', '72fa36b0-d565-49f3-95df-397ed2bff801', 'TRAINING', '2023-04-21 15:30:00+00', '2023-04-21 17:00:00+00', 'Location 24', 'Ground 24'),
                                                                                                 ('76a0b29a-8e03-49f3-af85-9fad51ca887d', '72fa36b0-d565-49f3-95df-397ed2bff801', 'MATCH', '2023-04-24 14:00:00+00', '2023-04-24 16:00:00+00', 'Location 27', 'Ground 27'),
                                                                                                 ('d58618c0-565e-4505-8edc-a67ff7a7c8a9', '72fa36b0-d565-49f3-95df-397ed2bff801', 'TRAINING', '2023-04-26 15:30:00+00', '2023-04-26 17:00:00+00', 'Location 25', 'Ground 25'),
                                                                                                 ('793f629a-92fb-43c3-a562-a4ddf4b60932', '72fa36b0-d565-49f3-95df-397ed2bff801', 'TRAINING', '2023-04-28 15:30:00+00', '2023-04-28 17:00:00+00', 'Location 27', 'Ground 27'),
                                                                                                 ('24aa2b9f-6de6-4c76-b611-ed41ceaf0761', '72fa36b0-d565-49f3-95df-397ed2bff801', 'TOURNAMENT', '2023-05-01 08:00:00+00', '2023-05-01 10:00:00+00', 'Location 30', 'Ground 30'),
                                                                                                 ('d5e74303-740e-47cb-b23e-1acc81a9f658', '72fa36b0-d565-49f3-95df-397ed2bff801', 'TRAINING', '2023-05-03 15:30:00+00', '2023-05-03 17:00:00+00', 'Location 28', 'Ground 28'),
                                                                                                 ('f17470c6-d2c3-4f16-8964-5f3dc695fa20', '72fa36b0-d565-49f3-95df-397ed2bff801', 'TRAINING', '2023-05-05 15:30:00+00', '2023-05-05 17:00:00+00', 'Location 30', 'Ground 30'),
                                                                                                 ('91066c6e-1186-40c0-9452-2d5ca044f99a', '72fa36b0-d565-49f3-95df-397ed2bff801', 'MATCH', '2023-05-08 10:00:00+00', '2023-05-08 12:00:00+00', 'Location 33', 'Ground 33'),
                                                                                                 ('b2a27f15-52da-418a-ad38-258c6403dd04', '72fa36b0-d565-49f3-95df-397ed2bff801', 'TRAINING', '2024-06-01 15:30:00+00', '2024-06-01 17:00:00+00', 'Location 31', 'Ground 31'),
                                                                                                 ('44a126c4-70b6-4302-b810-a47033bd20ad', '72fa36b0-d565-49f3-95df-397ed2bff801', 'TRAINING', '2024-06-03 15:30:00+00', '2024-06-03 17:00:00+00', 'Location 33', 'Ground 33'),
                                                                                                 ('ca1f4e5b-cb0b-4c28-bcbc-3478b34a8b48', '72fa36b0-d565-49f3-95df-397ed2bff801', 'TOURNAMENT', '2024-06-06 08:00:00+00', '2024-06-06 10:00:00+00', 'Location 36', 'Ground 36'),
                                                                                                 ('140a3537-8a6e-42dc-b0f6-45e1d9158313', '72fa36b0-d565-49f3-95df-397ed2bff801', 'TRAINING', '2024-06-08 15:30:00+00', '2024-06-08 17:00:00+00', 'Location 34', 'Ground 34'),
                                                                                                 ('17292276-138c-4b85-b00a-2366986d29e5', '72fa36b0-d565-49f3-95df-397ed2bff801', 'TRAINING', '2024-06-10 15:30:00+00', '2024-06-10 17:00:00+00', 'Location 36', 'Ground 36'),
                                                                                                 ('cf3e1024-17d1-4f8e-a473-0b4b1b0d9897', '72fa36b0-d565-49f3-95df-397ed2bff801', 'MATCH', '2024-06-13 10:00:00+00', '2024-06-13 12:00:00+00', 'Location 39', 'Ground 39'),
                                                                                                 ('08e3cba4-bc45-48e5-a4fd-911e7ad20824', '72fa36b0-d565-49f3-95df-397ed2bff801', 'TRAINING', '2024-06-15 15:30:00+00', '2024-06-15 17:00:00+00', 'Location 37', 'Ground 37'),
                                                                                                 ('20672aa3-5cdd-4607-8a50-75a412cf3b85', '72fa36b0-d565-49f3-95df-397ed2bff801', 'TRAINING', '2024-06-17 15:30:00+00', '2024-06-17 17:00:00+00', 'Location 39', 'Ground 39'),
                                                                                                 ('5a66c512-d5a4-476f-9733-296087032bcc', '72fa36b0-d565-49f3-95df-397ed2bff801', 'TOURNAMENT', '2024-06-20 12:00:00+00', '2024-06-20 14:00:00+00', 'Location 42', 'Ground 42'),
                                                                                                 ('70294196-fe1d-4d88-9b8f-a005da183020', '72fa36b0-d565-49f3-95df-397ed2bff801', 'TRAINING', '2024-06-22 15:30:00+00', '2024-06-22 17:00:00+00', 'Location 40', 'Ground 40'),
                                                                                                 ('89fe026f-3664-4c05-b662-0107f497f6c3', '72fa36b0-d565-49f3-95df-397ed2bff801', 'TRAINING', '2024-06-24 15:30:00+00', '2024-06-24 17:00:00+00', 'Location 42', 'Ground 42'),
                                                                                                 ('7998254d-b63d-4c25-8b8d-7691407c6d9f', '72fa36b0-d565-49f3-95df-397ed2bff801', 'MATCH', '2024-06-27 14:00:00+00', '2024-06-27 16:00:00+00', 'Location 45', 'Ground 45'),
                                                                                                 ('d5119639-40a0-443b-91e5-b2c79c842b87', '72fa36b0-d565-49f3-95df-397ed2bff801', 'TRAINING', '2024-06-29 15:30:00+00', '2024-06-29 17:00:00+00', 'Location 43', 'Ground 43'),
                                                                                                 ('41df4048-c5da-4845-8631-8997324c5421', '72fa36b0-d565-49f3-95df-397ed2bff801', 'TRAINING', '2024-07-01 15:30:00+00', '2024-07-01 17:00:00+00', 'Location 45', 'Ground 45'),
                                                                                                 ('37ab20e7-d191-42c6-8dc2-408442b71e0b', '72fa36b0-d565-49f3-95df-397ed2bff801', 'TOURNAMENT', '2024-07-04 08:00:00+00', '2024-07-04 10:00:00+00', 'Location 48', 'Ground 48'),
                                                                                                 ('c1df7ad8-bb47-4b42-9a93-1525b40c1b3e', '72fa36b0-d565-49f3-95df-397ed2bff801', 'TRAINING', '2024-07-06 15:30:00+00', '2024-07-06 17:00:00+00', 'Location 46', 'Ground 46'),
                                                                                                 ('a2c36351-496b-418a-8e74-e963063158c8', '72fa36b0-d565-49f3-95df-397ed2bff801', 'TRAINING', '2024-07-08 15:30:00+00', '2024-07-08 17:00:00+00', 'Location 48', 'Ground 48'),
                                                                                                 ('5c8ba572-c4d1-4fbd-97e2-7aa34124bb48', '72fa36b0-d565-49f3-95df-397ed2bff801', 'MATCH', '2024-07-11 10:00:00+00', '2024-07-11 12:00:00+00', 'Location 51', 'Ground 51'),
                                                                                                 ('b4e6d9be-416a-47a3-8b65-521365ac64fa', '72fa36b0-d565-49f3-95df-397ed2bff801', 'TRAINING', '2024-07-13 15:30:00+00', '2024-07-13 17:00:00+00', 'Location 49', 'Ground 49'),
                                                                                                 ('0a73bd6d-0bbc-4787-adef-50e6be34f50c', '72fa36b0-d565-49f3-95df-397ed2bff801', 'TRAINING', '2024-07-15 15:30:00+00', '2024-07-15 17:00:00+00', 'Location 51', 'Ground 51'),
                                                                                                 ('a340d75e-0842-4c23-930c-9abf370927a6', '72fa36b0-d565-49f3-95df-397ed2bff801', 'TOURNAMENT', '2024-07-18 12:00:00+00', '2024-07-18 14:00:00+00', 'Location 54', 'Ground 54'),
                                                                                                 ('fcf3d4af-e7e9-4dd2-9900-19eb1cb6762f', '72fa36b0-d565-49f3-95df-397ed2bff801', 'TRAINING', '2024-07-20 15:30:00+00', '2024-07-20 17:00:00+00', 'Location 52', 'Ground 52'),
                                                                                                 ('10b6a96b-8afd-41e7-880e-8b707fdaff38', '72fa36b0-d565-49f3-95df-397ed2bff801', 'TRAINING', '2024-07-22 15:30:00+00', '2024-07-22 17:00:00+00', 'Location 54', 'Ground 54'),
                                                                                                 ('0ae2e232-e004-4e62-b464-77e8a6ded73f', '72fa36b0-d565-49f3-95df-397ed2bff801', 'MATCH', '2024-07-25 14:00:00+00', '2024-07-25 16:00:00+00', 'Location 57', 'Ground 57'),
                                                                                                 ('d8ced855-5ea6-48a3-bc1f-9e1d8dd56aa2', '72fa36b0-d565-49f3-95df-397ed2bff801', 'TRAINING', '2024-07-27 15:30:00+00', '2024-07-27 17:00:00+00', 'Location 55', 'Ground 55'),
                                                                                                 ('b9bea5d4-c4da-4c8f-a26a-c19f3388c8d6', '72fa36b0-d565-49f3-95df-397ed2bff801', 'TRAINING', '2024-07-29 15:30:00+00', '2024-07-29 17:00:00+00', 'Location 57', 'Ground 57'),
                                                                                                 ('9a89e876-3880-4094-9ac9-000e0a3e0e69', '72fa36b0-d565-49f3-95df-397ed2bff801', 'TOURNAMENT', '2024-08-01 08:00:00+00', '2024-08-01 10:00:00+00', 'Location 60', 'Ground 60'),
                                                                                                 ('afa644df-249f-459e-89ac-ba4a96ffb072', '72fa36b0-d565-49f3-95df-397ed2bff801', 'TRAINING', '2024-08-03 15:30:00+00', '2024-08-03 17:00:00+00', 'Location 58', 'Ground 58'),
                                                                                                 ('7740845f-5f92-4aab-89e6-faba876257e3', '72fa36b0-d565-49f3-95df-397ed2bff801', 'TRAINING', '2024-08-05 15:30:00+00', '2024-08-05 17:00:00+00', 'Location 60', 'Ground 60'),
                                                                                                 ('e34e581e-df82-4d29-a814-571e62f5dd58', '72fa36b0-d565-49f3-95df-397ed2bff801', 'MATCH', '2024-08-08 10:00:00+00', '2024-08-08 12:00:00+00', 'Location 63', 'Ground 63'),
                                                                                                 ('811d45ca-262d-4b57-a03f-b4978f576b79', '72fa36b0-d565-49f3-95df-397ed2bff801', 'TRAINING', '2024-08-10 15:30:00+00', '2024-08-10 17:00:00+00', 'Location 61', 'Ground 61'),
                                                                                                 ('b3e15006-477d-4ac8-9e29-6b55b1f04911', '72fa36b0-d565-49f3-95df-397ed2bff801', 'TRAINING', '2024-08-12 15:30:00+00', '2024-08-12 17:00:00+00', 'Location 63', 'Ground 63'),
                                                                                                 ('704acae4-3042-4c48-9832-849b1e198824', '72fa36b0-d565-49f3-95df-397ed2bff801', 'TOURNAMENT', '2024-08-15 12:00:00+00', '2024-08-15 14:00:00+00', 'Location 66', 'Ground 66'),
                                                                                                 ('2adf1c38-b834-421b-9a6f-7e50ccf809e4', '72fa36b0-d565-49f3-95df-397ed2bff801', 'TRAINING', '2024-08-17 15:30:00+00', '2024-08-17 17:00:00+00', 'Location 64', 'Ground 64'),
                                                                                                 ('e8772209-d683-43b6-8b84-23a2da1e5840', '72fa36b0-d565-49f3-95df-397ed2bff801', 'TRAINING', '2024-08-19 15:30:00+00', '2024-08-19 17:00:00+00', 'Location 66', 'Ground 66'),
                                                                                                 ('e811424e-a437-4a8f-ab5b-a95e0a54a37b', '72fa36b0-d565-49f3-95df-397ed2bff801', 'MATCH', '2024-08-22 14:00:00+00', '2024-08-22 16:00:00+00', 'Location 69', 'Ground 69'),
                                                                                                 ('da165e5b-61f5-4981-bd12-95d138ca3988', '72fa36b0-d565-49f3-95df-397ed2bff801', 'TRAINING', '2024-08-24 15:30:00+00', '2024-08-24 17:00:00+00', 'Location 67', 'Ground 67'),
                                                                                                 ('208ed317-6728-4de4-8998-c818223d136a', '72fa36b0-d565-49f3-95df-397ed2bff801', 'TRAINING', '2024-08-26 15:30:00+00', '2024-08-26 17:00:00+00', 'Location 69', 'Ground 69'),
                                                                                                 ('6a7275c7-e641-4182-b1b2-f74accf2de1e', '72fa36b0-d565-49f3-95df-397ed2bff801', 'TOURNAMENT', '2024-08-29 08:00:00+00', '2024-08-29 10:00:00+00', 'Location 72', 'Ground 72'),
                                                                                                 ('4417ab82-2dc3-464c-b7ea-cfad4265dd62', '72fa36b0-d565-49f3-95df-397ed2bff801', 'TRAINING', '2024-08-31 15:30:00+00', '2024-08-31 17:00:00+00', 'Location 70', 'Ground 70'),
                                                                                                 ('685332fc-6259-482d-b168-772539dca6e0', '72fa36b0-d565-49f3-95df-397ed2bff801', 'TRAINING', '2024-09-02 15:30:00+00', '2024-09-02 17:00:00+00', 'Location 72', 'Ground 72'),
                                                                                                 ('dacfab82-103a-4e45-a50a-2f345c5d6881', '72fa36b0-d565-49f3-95df-397ed2bff801', 'MATCH', '2024-09-05 10:00:00+00', '2024-09-05 12:00:00+00', 'Location 75', 'Ground 75'),
                                                                                                 ('f83408a4-ceda-41bd-8f9a-d20a4d5d0329', '72fa36b0-d565-49f3-95df-397ed2bff801', 'TRAINING', '2024-09-07 15:30:00+00', '2024-09-07 17:00:00+00', 'Location 73', 'Ground 73'),
                                                                                                 ('91a47f9b-1f78-43ee-9af8-2fef583f56fe', '72fa36b0-d565-49f3-95df-397ed2bff801', 'TRAINING', '2024-09-09 15:30:00+00', '2024-09-09 17:00:00+00', 'Location 75', 'Ground 75'),
                                                                                                 ('46f62b7d-b64b-43a6-b731-c5aa1ec4b9b6', '72fa36b0-d565-49f3-95df-397ed2bff801', 'TOURNAMENT', '2024-09-12 12:00:00+00', '2024-09-12 14:00:00+00', 'Location 78', 'Ground 78'),
                                                                                                 ('1f495956-daa6-42ae-a1bd-aa15977e986d', '72fa36b0-d565-49f3-95df-397ed2bff801', 'TRAINING', '2024-09-14 15:30:00+00', '2024-09-14 17:00:00+00', 'Location 76', 'Ground 76'),
                                                                                                 ('66b5d2d5-ccf7-40d6-9e70-c10f88496262', '72fa36b0-d565-49f3-95df-397ed2bff801', 'TRAINING', '2024-09-16 15:30:00+00', '2024-09-16 17:00:00+00', 'Location 78', 'Ground 78'),
                                                                                                 ('30e02336-1eb5-447c-bafe-3d3a2b7eb972', '72fa36b0-d565-49f3-95df-397ed2bff801', 'MATCH', '2024-09-19 14:00:00+00', '2024-09-19 16:00:00+00', 'Location 81', 'Ground 81'),
                                                                                                 ('c61e524c-8bef-4f29-8156-0382e3ef8518', '72fa36b0-d565-49f3-95df-397ed2bff801', 'TRAINING', '2024-09-21 15:30:00+00', '2024-09-21 17:00:00+00', 'Location 79', 'Ground 79'),
                                                                                                 ('ed94f0b3-4105-45d3-a8cc-3b7b7de091ef', '72fa36b0-d565-49f3-95df-397ed2bff801', 'TRAINING', '2024-09-23 15:30:00+00', '2024-09-23 17:00:00+00', 'Location 81', 'Ground 81'),
                                                                                                 ('5479b7c1-6a40-4c1a-b680-c082100f1872', '72fa36b0-d565-49f3-95df-397ed2bff801', 'TOURNAMENT', '2024-09-26 08:00:00+00', '2024-09-26 10:00:00+00', 'Location 84', 'Ground 84'),
                                                                                                 ('b17f481d-141e-4a49-a06d-da6e3037db06', '72fa36b0-d565-49f3-95df-397ed2bff801', 'TRAINING', '2024-09-28 15:30:00+00', '2024-09-28 17:00:00+00', 'Location 82', 'Ground 82'),
                                                                                                 ('62ba6842-6dc8-4ce7-9fe1-ab8c6e65c458', '72fa36b0-d565-49f3-95df-397ed2bff801', 'TRAINING', '2024-09-30 15:30:00+00', '2024-09-30 17:00:00+00', 'Location 84', 'Ground 84'),
                                                                                                 ('01a41ede-ff94-4182-a776-cdadf7ce6ef5', '72fa36b0-d565-49f3-95df-397ed2bff801', 'MATCH', '2024-10-03 10:00:00+00', '2024-10-03 12:00:00+00', 'Location 87', 'Ground 87'),
                                                                                                 ('6b213e5e-da12-4dff-b378-c9af51932bf2', '72fa36b0-d565-49f3-95df-397ed2bff801', 'TRAINING', '2024-10-05 15:30:00+00', '2024-10-05 17:00:00+00', 'Location 85', 'Ground 85'),
                                                                                                 ('c264919e-08a6-4ad3-99b9-6fab38d9800f', '72fa36b0-d565-49f3-95df-397ed2bff801', 'TRAINING', '2024-10-07 15:30:00+00', '2024-10-07 17:00:00+00', 'Location 87', 'Ground 87'),
                                                                                                 ('9716cb3a-09e1-41f5-a7c2-8c245036f8ce', '72fa36b0-d565-49f3-95df-397ed2bff801', 'TOURNAMENT', '2024-10-10 12:00:00+00', '2024-10-10 14:00:00+00', 'Location 90', 'Ground 90'),
                                                                                                 ('642654f9-1c3f-4a4b-9618-1dcd9f165a6f', '72fa36b0-d565-49f3-95df-397ed2bff801', 'TRAINING', '2024-10-12 15:30:00+00', '2024-10-12 17:00:00+00', 'Location 88', 'Ground 88'),
                                                                                                 ('9421ca12-94b7-485d-97c0-d9608744d05d', '72fa36b0-d565-49f3-95df-397ed2bff801', 'TRAINING', '2024-10-14 15:30:00+00', '2024-10-14 17:00:00+00', 'Location 90', 'Ground 90'),
                                                                                                 ('1f5451a7-6439-4ce9-97d1-2161ce48b3f9', '72fa36b0-d565-49f3-95df-397ed2bff801', 'MATCH', '2024-10-17 14:00:00+00', '2024-10-17 16:00:00+00', 'Location 93', 'Ground 93'),
                                                                                                 ('b91bbff6-edef-46bd-b8a5-2415ed22b8ab', '72fa36b0-d565-49f3-95df-397ed2bff801', 'TRAINING', '2024-10-19 15:30:00+00', '2024-10-19 17:00:00+00', 'Location 91', 'Ground 91'),
                                                                                                 ('2e2fefc0-f1d9-4ed8-b6a4-0ee3923f307c', '72fa36b0-d565-49f3-95df-397ed2bff801', 'TRAINING', '2024-10-21 15:30:00+00', '2024-10-21 17:00:00+00', 'Location 93', 'Ground 93'),
                                                                                                 ('8dc14caa-bf36-4ecd-bee0-383b92d4e17c', '72fa36b0-d565-49f3-95df-397ed2bff801', 'TOURNAMENT', '2024-10-24 08:00:00+00', '2024-10-24 10:00:00+00', 'Location 96', 'Ground 96'),
                                                                                                 ('5673420e-1244-4141-8389-8715bb5df8dd', '72fa36b0-d565-49f3-95df-397ed2bff801', 'TRAINING', '2024-10-26 15:30:00+00', '2024-10-26 17:00:00+00', 'Location 94', 'Ground 94'),
                                                                                                 ('e2752501-0d04-496f-905e-7f51f656824c', '72fa36b0-d565-49f3-95df-397ed2bff801', 'TRAINING', '2024-10-28 16:30:00+00', '2024-10-28 18:00:00+00', 'Location 96', 'Ground 96'),
                                                                                                 ('c8054536-6fc9-4a15-acd0-1b8c907ed0fa', '72fa36b0-d565-49f3-95df-397ed2bff801', 'MATCH', '2024-10-31 11:00:00+00', '2024-10-31 13:00:00+00', 'Location 99', 'Ground 99'),
                                                                                                 ('4bb5d2b6-dfa0-4682-80a0-9de14a466ef1', '72fa36b0-d565-49f3-95df-397ed2bff801', 'TRAINING', '2024-11-02 16:30:00+00', '2024-11-02 18:00:00+00', 'Location 97', 'Ground 97'),
                                                                                                 ('1975b0ec-2504-4d3a-931a-216266c6fe75', '72fa36b0-d565-49f3-95df-397ed2bff801', 'TRAINING', '2024-11-04 16:30:00+00', '2024-11-04 18:00:00+00', 'Location 99', 'Ground 99'),
                                                                                                 ('2ad3401f-bd07-43b9-93a2-49c8eaa9426e', '72fa36b0-d565-49f3-95df-397ed2bff801', 'TOURNAMENT', '2024-11-07 13:00:00+00', '2024-11-07 15:00:00+00', 'Location 102', 'Ground 102'),
                                                                                                 ('1c51d993-c68e-4308-ae0e-f463515ec4ce', '72fa36b0-d565-49f3-95df-397ed2bff801', 'TRAINING', '2024-11-09 16:30:00+00', '2024-11-09 18:00:00+00', 'Location 100', 'Ground 100'),
                                                                                                 ('9d2924e7-dacf-40ae-888b-5ab75389ea46', '72fa36b0-d565-49f3-95df-397ed2bff801', 'TRAINING', '2024-11-11 16:30:00+00', '2024-11-11 18:00:00+00', 'Location 102', 'Ground 102'),
                                                                                                 ('8255118a-f354-4518-ba28-0f8e74918dc4', '72fa36b0-d565-49f3-95df-397ed2bff801', 'MATCH', '2024-11-14 15:00:00+00', '2024-11-14 17:00:00+00', 'Location 105', 'Ground 105');


--
-- Data for Name: profile; Type: TABLE DATA; Schema: public; Owner: postgres
--

INSERT INTO "public"."profile" ("user_id", "first_name", "last_name") VALUES
                                                                          ('4908ef52-dc6a-4a86-9aa9-2324c8ff764b', 'Marvin T', 'Kramer'),
                                                                          ('9301cbaa-1cd1-4f24-bb41-51ce41650664', 'Marvin S', 'Kramer');


--
-- Data for Name: message; Type: TABLE DATA; Schema: public; Owner: postgres
--



--
-- Data for Name: player; Type: TABLE DATA; Schema: public; Owner: postgres
--

INSERT INTO "public"."player" ("id", "team_id", "name", "birthdate") VALUES
                                                                         ('73f2305a-96b6-4278-b665-1642ca57531b', '15f9e934-76ef-4697-bde7-c361305d00a9', 'Mason Johnson', '2002-10-11'),
                                                                         ('feb6ba97-b099-4480-b4c4-f07461264fd6', '15f9e934-76ef-4697-bde7-c361305d00a9', 'Ethan Williams', '1999-07-08'),
                                                                         ('398ff98e-4f01-4bb2-b635-e4bd546ec690', '72fa36b0-d565-49f3-95df-397ed2bff801', 'Lucas Williams', '1986-06-01'),
                                                                         ('fc93e8d6-c605-4ad0-a185-f75aa0286897', 'a862fc42-53f8-485e-841c-da6ae7dcc6ea', 'Ethan Brown', '1980-07-22'),
                                                                         ('e5ea9214-409e-44ad-86d8-ebb6bce9de61', 'a862fc42-53f8-485e-841c-da6ae7dcc6ea', 'Lucas Brown', '1987-05-04'),
                                                                         ('c3a7b1a2-0567-4969-a814-b2cd4fd4a273', '72fa36b0-d565-49f3-95df-397ed2bff801', 'Sophia Johnson', '1993-06-13'),
                                                                         ('d3af81a4-d617-498b-aae3-444cb341c986', 'a862fc42-53f8-485e-841c-da6ae7dcc6ea', 'Emma Smith', '1996-05-31'),
                                                                         ('5bc6ece2-4ceb-4c17-b3be-01a0d5a80154', 'a862fc42-53f8-485e-841c-da6ae7dcc6ea', 'Mia Brown', '1996-03-26'),
                                                                         ('0c0c1100-7f3b-41de-8e36-e03593c2244c', '15f9e934-76ef-4697-bde7-c361305d00a9', 'Ethan Williams', '1988-06-04'),
                                                                         ('04a9ac71-e764-47be-b919-b04c39350a5e', '15f9e934-76ef-4697-bde7-c361305d00a9', 'Sophia Smith', '1996-10-11'),
                                                                         ('70e90991-aa7d-43c6-85c4-5a3f726e88f7', 'a862fc42-53f8-485e-841c-da6ae7dcc6ea', 'Emma Williams', '1991-09-06'),
                                                                         ('2c212872-5e43-49d5-a18b-429f34a66524', 'a862fc42-53f8-485e-841c-da6ae7dcc6ea', 'Liam Miller', '1984-01-22'),
                                                                         ('5245957f-ef49-4ebc-8028-acfe088acbeb', 'a862fc42-53f8-485e-841c-da6ae7dcc6ea', 'Olivia Williams', '1986-09-04'),
                                                                         ('48cc3e9f-eef2-4e79-888b-2a58b2aa331a', 'a862fc42-53f8-485e-841c-da6ae7dcc6ea', 'Emma Miller', '1984-08-08'),
                                                                         ('838297b9-ef57-4eb6-b607-3b45daa49b19', 'a862fc42-53f8-485e-841c-da6ae7dcc6ea', 'Amelia Wilson', '1986-05-14'),
                                                                         ('f43b28a5-239c-4ceb-843c-aff4a201312b', '72fa36b0-d565-49f3-95df-397ed2bff801', 'Mia Smith', '2004-03-05'),
                                                                         ('288b5990-a101-4eb0-a5a7-9bdde2fc86a7', '72fa36b0-d565-49f3-95df-397ed2bff801', 'Liam Miller', '1984-11-18'),
                                                                         ('a0e0e446-2b90-4a16-8fa0-87a1d2276ae6', '72fa36b0-d565-49f3-95df-397ed2bff801', 'Lucas Garcia', '2004-12-07'),
                                                                         ('693404d8-e2f1-4c46-b060-9b219bf648db', '72fa36b0-d565-49f3-95df-397ed2bff801', 'Sophia Miller', '1997-05-04'),
                                                                         ('821e400b-fb47-445e-9476-eaf5d13cf8ef', '15f9e934-76ef-4697-bde7-c361305d00a9', 'Ethan Smith', '1999-01-04'),
                                                                         ('d784a7b9-9e16-41d9-9e11-a4fb4a9c1d8e', '15f9e934-76ef-4697-bde7-c361305d00a9', 'Amelia Williams', '1996-01-13');


--
-- Data for Name: player_event; Type: TABLE DATA; Schema: public; Owner: postgres
--



--
-- Data for Name: profile_team; Type: TABLE DATA; Schema: public; Owner: postgres
--

INSERT INTO "public"."profile_team" ("team_id", "profile_id", "player_id", "role") VALUES
                                                                                       ('72fa36b0-d565-49f3-95df-397ed2bff801', '4908ef52-dc6a-4a86-9aa9-2324c8ff764b', NULL, 'TRAINER'),
                                                                                       ('15f9e934-76ef-4697-bde7-c361305d00a9', '4908ef52-dc6a-4a86-9aa9-2324c8ff764b', '73f2305a-96b6-4278-b665-1642ca57531b', 'CONTACT_PERSON'),
                                                                                       ('a862fc42-53f8-485e-841c-da6ae7dcc6ea', '9301cbaa-1cd1-4f24-bb41-51ce41650664', 'e5ea9214-409e-44ad-86d8-ebb6bce9de61', 'PLAYER'),
                                                                                       ('72fa36b0-d565-49f3-95df-397ed2bff801', '9301cbaa-1cd1-4f24-bb41-51ce41650664', '288b5990-a101-4eb0-a5a7-9bdde2fc86a7', 'PLAYER');


--
-- Data for Name: buckets; Type: TABLE DATA; Schema: storage; Owner: supabase_storage_admin
--

INSERT INTO "storage"."buckets" ("id", "name", "owner", "created_at", "updated_at", "public", "avif_autodetection", "file_size_limit", "allowed_mime_types", "owner_id") VALUES
    ('teams', 'teams', NULL, '2024-05-03 09:46:24.523592+00', '2024-05-03 09:46:24.523592+00', false, false, 5242880, NULL, NULL);


--
-- Data for Name: objects; Type: TABLE DATA; Schema: storage; Owner: supabase_storage_admin
--

INSERT INTO "storage"."objects" ("id", "bucket_id", "name", "owner", "created_at", "updated_at", "last_accessed_at", "metadata", "version", "owner_id") VALUES
                                                                                                                                                            ('f401c49a-9fd6-4367-9040-f5c518a4647d', 'teams', '15f9e934-76ef-4697-bde7-c361305d00a9/logo.jpeg', NULL, '2024-06-04 09:53:28.544261+00', '2024-06-04 09:53:49.143388+00', '2024-06-04 09:53:28.544261+00', '{"eTag": "\"002f5d5e0bee33e2a38f39e21d9a9fe4\"", "size": 185995, "mimetype": "image/jpeg", "cacheControl": "max-age=3600", "lastModified": "2024-06-04T09:53:49.120Z", "contentLength": 185995, "httpStatusCode": 200}', '3356e9fe-d1f3-4342-93f7-a913d6275059', NULL),
                                                                                                                                                            ('21eec200-714d-4cc9-9384-1f02e03dc157', 'teams', '72fa36b0-d565-49f3-95df-397ed2bff801/logo.jpeg', NULL, '2024-06-04 09:54:10.670264+00', '2024-06-04 09:54:10.670264+00', '2024-06-04 09:54:10.670264+00', '{"eTag": "\"002f5d5e0bee33e2a38f39e21d9a9fe4\"", "size": 185995, "mimetype": "image/jpeg", "cacheControl": "max-age=3600", "lastModified": "2024-06-04T09:54:10.659Z", "contentLength": 185995, "httpStatusCode": 200}', '4fac61df-a6d6-4d10-bc3b-3763abc4a1e0', NULL),
                                                                                                                                                            ('3c1c9158-5836-441f-856a-f03cb065ba64', 'teams', 'a862fc42-53f8-485e-841c-da6ae7dcc6ea/logo.jpeg', NULL, '2024-06-04 09:54:17.568185+00', '2024-06-04 09:54:17.568185+00', '2024-06-04 09:54:17.568185+00', '{"eTag": "\"002f5d5e0bee33e2a38f39e21d9a9fe4\"", "size": 185995, "mimetype": "image/jpeg", "cacheControl": "max-age=3600", "lastModified": "2024-06-04T09:54:17.559Z", "contentLength": 185995, "httpStatusCode": 200}', '3dd8fe0f-658a-46ef-a41d-b4905eb5ec10', NULL);


--
-- Data for Name: s3_multipart_uploads; Type: TABLE DATA; Schema: storage; Owner: supabase_storage_admin
--



--
-- Data for Name: s3_multipart_uploads_parts; Type: TABLE DATA; Schema: storage; Owner: supabase_storage_admin
--



--
-- Data for Name: hooks; Type: TABLE DATA; Schema: supabase_functions; Owner: supabase_functions_admin
--



--
-- Data for Name: secrets; Type: TABLE DATA; Schema: vault; Owner: supabase_admin
--



--
-- Name: refresh_tokens_id_seq; Type: SEQUENCE SET; Schema: auth; Owner: supabase_auth_admin
--

SELECT pg_catalog.setval('"auth"."refresh_tokens_id_seq"', 107, true);


--
-- Name: key_key_id_seq; Type: SEQUENCE SET; Schema: pgsodium; Owner: supabase_admin
--

SELECT pg_catalog.setval('"pgsodium"."key_key_id_seq"', 1, false);


--
-- Name: hooks_id_seq; Type: SEQUENCE SET; Schema: supabase_functions; Owner: supabase_functions_admin
--

SELECT pg_catalog.setval('"supabase_functions"."hooks_id_seq"', 1, false);


--
-- PostgreSQL database dump complete
--

RESET ALL;
